lr,epoch,step,val_loss,val_dice,loss_union,loss_ground_truth
0.0005000000237487257,0,49,,,,
0.0005000000237487257,0,99,,,,
0.0005000000237487257,0,149,,,,
0.0005000000237487257,0,199,,,,
0.0005000000237487257,0,249,,,,
0.0005000000237487257,0,299,,,,
,0,301,0.46897953748703003,0.5531781315803528,,
,0,301,,,0.5884451866149902,0.5799059271812439
0.0005000000237487257,1,349,,,,
0.0005000000237487257,1,399,,,,
0.0005000000237487257,1,449,,,,
0.0005000000237487257,1,499,,,,
0.0005000000237487257,1,549,,,,
0.0005000000237487257,1,599,,,,
,1,603,0.4347774386405945,0.5761340260505676,,
,1,603,,,0.44798558950424194,0.37886887788772583
0.0005000000237487257,2,649,,,,
0.0005000000237487257,2,699,,,,
0.0005000000237487257,2,749,,,,
0.0005000000237487257,2,799,,,,
0.0005000000237487257,2,849,,,,
0.0005000000237487257,2,899,,,,
,2,905,0.4216708838939667,0.5863991379737854,,
,2,905,,,0.43909621238708496,0.3569104075431824
0.0005000000237487257,3,949,,,,
0.0005000000237487257,3,999,,,,
0.0005000000237487257,3,1049,,,,
0.0005000000237487257,3,1099,,,,
0.0005000000237487257,3,1149,,,,
0.0005000000237487257,3,1199,,,,
,3,1207,0.4063778817653656,0.598869800567627,,
,3,1207,,,0.43340808153152466,0.34377220273017883
0.0005000000237487257,4,1249,,,,
0.0005000000237487257,4,1299,,,,
0.0005000000237487257,4,1349,,,,
0.0005000000237487257,4,1399,,,,
0.0005000000237487257,4,1449,,,,
0.0005000000237487257,4,1499,,,,
,4,1509,0.4072505235671997,0.5988755822181702,,
,4,1509,,,0.43023356795310974,0.33255070447921753
0.0005000000237487257,5,1549,,,,
0.0005000000237487257,5,1599,,,,
0.0005000000237487257,5,1649,,,,
0.0005000000237487257,5,1699,,,,
0.0005000000237487257,5,1749,,,,
0.0005000000237487257,5,1799,,,,
,5,1811,0.43128469586372375,0.5750525593757629,,
,5,1811,,,0.4277189075946808,0.3234817683696747
0.0005000000237487257,6,1849,,,,
0.0005000000237487257,6,1899,,,,
0.0005000000237487257,6,1949,,,,
0.0005000000237487257,6,1999,,,,
0.0005000000237487257,6,2049,,,,
0.0005000000237487257,6,2099,,,,
,6,2113,0.40599730610847473,0.599754810333252,,
,6,2113,,,0.424039751291275,0.3119439482688904
0.0005000000237487257,7,2149,,,,
0.0005000000237487257,7,2199,,,,
0.0005000000237487257,7,2249,,,,
0.0005000000237487257,7,2299,,,,
0.0005000000237487257,7,2349,,,,
0.0005000000237487257,7,2399,,,,
,7,2415,0.40595120191574097,0.5994305610656738,,
,7,2415,,,0.4243188500404358,0.3055003881454468
0.0005000000237487257,8,2449,,,,
0.0005000000237487257,8,2499,,,,
0.0005000000237487257,8,2549,,,,
0.0005000000237487257,8,2599,,,,
0.0005000000237487257,8,2649,,,,
0.0005000000237487257,8,2699,,,,
,8,2717,0.4161195755004883,0.5887494683265686,,
,8,2717,,,0.42189598083496094,0.2980286777019501
0.0005000000237487257,9,2749,,,,
0.0005000000237487257,9,2799,,,,
0.0005000000237487257,9,2849,,,,
0.0005000000237487257,9,2899,,,,
0.0005000000237487257,9,2949,,,,
0.0005000000237487257,9,2999,,,,
,9,3019,0.41269755363464355,0.5919771790504456,,
,9,3019,,,0.42142656445503235,0.29031920433044434
0.0005000000237487257,10,3049,,,,
0.0005000000237487257,10,3099,,,,
0.0005000000237487257,10,3149,,,,
0.0005000000237487257,10,3199,,,,
0.0005000000237487257,10,3249,,,,
0.0005000000237487257,10,3299,,,,
,10,3321,0.38899359107017517,0.6146417856216431,,
,10,3321,,,0.42010459303855896,0.2841967046260834
0.0005000000237487257,11,3349,,,,
0.0005000000237487257,11,3399,,,,
0.0005000000237487257,11,3449,,,,
0.0005000000237487257,11,3499,,,,
0.0005000000237487257,11,3549,,,,
0.0005000000237487257,11,3599,,,,
,11,3623,0.4245181679725647,0.5784754157066345,,
,11,3623,,,0.41978245973587036,0.27899497747421265
0.0005000000237487257,12,3649,,,,
0.0005000000237487257,12,3699,,,,
0.0005000000237487257,12,3749,,,,
0.0005000000237487257,12,3799,,,,
0.0005000000237487257,12,3849,,,,
0.0005000000237487257,12,3899,,,,
,12,3925,0.4017663896083832,0.6024733781814575,,
,12,3925,,,0.41965416073799133,0.27097973227500916
0.0005000000237487257,13,3949,,,,
0.0005000000237487257,13,3999,,,,
0.0005000000237487257,13,4049,,,,
0.0005000000237487257,13,4099,,,,
0.0005000000237487257,13,4149,,,,
0.0005000000237487257,13,4199,,,,
,13,4227,0.39489778876304626,0.6101738810539246,,
,13,4227,,,0.41833436489105225,0.26363158226013184
0.0005000000237487257,14,4249,,,,
0.0005000000237487257,14,4299,,,,
0.0005000000237487257,14,4349,,,,
0.0005000000237487257,14,4399,,,,
0.0005000000237487257,14,4449,,,,
0.0005000000237487257,14,4499,,,,
,14,4529,0.4080790579319,0.5969228148460388,,
,14,4529,,,0.41895848512649536,0.26125404238700867
0.0005000000237487257,15,4549,,,,
0.0005000000237487257,15,4599,,,,
0.0005000000237487257,15,4649,,,,
0.0005000000237487257,15,4699,,,,
0.0005000000237487257,15,4749,,,,
0.0005000000237487257,15,4799,,,,
,15,4831,0.402945876121521,0.6012219786643982,,
,15,4831,,,0.4183836877346039,0.2550436556339264
0.0005000000237487257,16,4832,,,,
0.0005000000237487257,16,4833,,,,
0.0005000000237487257,16,4834,,,,
0.0005000000237487257,16,4835,,,,
0.0005000000237487257,16,4836,,,,
0.0005000000237487257,16,4837,,,,
0.0005000000237487257,16,4838,,,,
0.0005000000237487257,16,4839,,,,
0.0005000000237487257,16,4840,,,,
0.0005000000237487257,16,4841,,,,
0.0005000000237487257,16,4842,,,,
0.0005000000237487257,16,4843,,,,
0.0005000000237487257,16,4844,,,,
0.0005000000237487257,16,4845,,,,
0.0005000000237487257,16,4846,,,,
0.0005000000237487257,16,4847,,,,
0.0005000000237487257,16,4848,,,,
0.0005000000237487257,16,4849,,,,
0.0005000000237487257,16,4850,,,,
0.0005000000237487257,16,4851,,,,
0.0005000000237487257,16,4852,,,,
0.0005000000237487257,16,4853,,,,
0.0005000000237487257,16,4854,,,,
0.0005000000237487257,16,4855,,,,
0.0005000000237487257,16,4856,,,,
0.0005000000237487257,16,4857,,,,
0.0005000000237487257,16,4858,,,,
0.0005000000237487257,16,4859,,,,
0.0005000000237487257,16,4860,,,,
0.0005000000237487257,16,4861,,,,
0.0005000000237487257,16,4862,,,,
0.0005000000237487257,16,4863,,,,
0.0005000000237487257,16,4864,,,,
0.0005000000237487257,16,4865,,,,
0.0005000000237487257,16,4866,,,,
0.0005000000237487257,16,4867,,,,
0.0005000000237487257,16,4868,,,,
0.0005000000237487257,16,4869,,,,
0.0005000000237487257,16,4870,,,,
0.0005000000237487257,16,4871,,,,
0.0005000000237487257,16,4872,,,,
0.0005000000237487257,16,4873,,,,
0.0005000000237487257,16,4874,,,,
0.0005000000237487257,16,4875,,,,
0.0005000000237487257,16,4876,,,,
0.0005000000237487257,16,4877,,,,
0.0005000000237487257,16,4878,,,,
0.0005000000237487257,16,4879,,,,
0.0005000000237487257,16,4880,,,,
0.0005000000237487257,16,4881,,,,
0.0005000000237487257,16,4882,,,,
0.0005000000237487257,16,4883,,,,
0.0005000000237487257,16,4884,,,,
0.0005000000237487257,16,4885,,,,
0.0005000000237487257,16,4886,,,,
0.0005000000237487257,16,4887,,,,
0.0005000000237487257,16,4888,,,,
0.0005000000237487257,16,4889,,,,
0.0005000000237487257,16,4890,,,,
0.0005000000237487257,16,4891,,,,
0.0005000000237487257,16,4892,,,,
0.0005000000237487257,16,4893,,,,
0.0005000000237487257,16,4894,,,,
0.0005000000237487257,16,4895,,,,
0.0005000000237487257,16,4896,,,,
0.0005000000237487257,16,4897,,,,
0.0005000000237487257,16,4898,,,,
0.0005000000237487257,16,4899,,,,
0.0005000000237487257,16,4900,,,,
0.0005000000237487257,16,4901,,,,
0.0005000000237487257,16,4902,,,,
0.0005000000237487257,16,4903,,,,
0.0005000000237487257,16,4904,,,,
0.0005000000237487257,16,4905,,,,
0.0005000000237487257,16,4906,,,,
0.0005000000237487257,16,4907,,,,
0.0005000000237487257,16,4908,,,,
0.0005000000237487257,16,4909,,,,
0.0005000000237487257,16,4910,,,,
0.0005000000237487257,16,4911,,,,
0.0005000000237487257,16,4912,,,,
0.0005000000237487257,16,4913,,,,
0.0005000000237487257,16,4914,,,,
0.0005000000237487257,16,4915,,,,
0.0005000000237487257,16,4916,,,,
0.0005000000237487257,16,4917,,,,
0.0005000000237487257,16,4918,,,,
0.0005000000237487257,16,4919,,,,
0.0005000000237487257,16,4920,,,,
0.0005000000237487257,16,4921,,,,
0.0005000000237487257,16,4922,,,,
0.0005000000237487257,16,4923,,,,
0.0005000000237487257,16,4924,,,,
0.0005000000237487257,16,4925,,,,
0.0005000000237487257,16,4926,,,,
0.0005000000237487257,16,4927,,,,
0.0005000000237487257,16,4928,,,,
0.0005000000237487257,16,4929,,,,
0.0005000000237487257,16,4930,,,,
0.0005000000237487257,16,4931,,,,
0.0005000000237487257,16,4932,,,,
0.0005000000237487257,16,4933,,,,
0.0005000000237487257,16,4934,,,,
0.0005000000237487257,16,4935,,,,
0.0005000000237487257,16,4936,,,,
0.0005000000237487257,16,4937,,,,
0.0005000000237487257,16,4938,,,,
0.0005000000237487257,16,4939,,,,
0.0005000000237487257,16,4940,,,,
0.0005000000237487257,16,4941,,,,
0.0005000000237487257,16,4942,,,,
0.0005000000237487257,16,4943,,,,
0.0005000000237487257,16,4944,,,,
0.0005000000237487257,16,4945,,,,
0.0005000000237487257,16,4946,,,,
0.0005000000237487257,16,4947,,,,
0.0005000000237487257,16,4948,,,,
0.0005000000237487257,16,4949,,,,
0.0005000000237487257,16,4950,,,,
0.0005000000237487257,16,4951,,,,
0.0005000000237487257,16,4952,,,,
0.0005000000237487257,16,4953,,,,
0.0005000000237487257,16,4954,,,,
0.0005000000237487257,16,4955,,,,
0.0005000000237487257,16,4956,,,,
0.0005000000237487257,16,4957,,,,
0.0005000000237487257,16,4958,,,,
0.0005000000237487257,16,4959,,,,
0.0005000000237487257,16,4960,,,,
0.0005000000237487257,16,4961,,,,
0.0005000000237487257,16,4962,,,,
0.0005000000237487257,16,4963,,,,
0.0005000000237487257,16,4964,,,,
0.0005000000237487257,16,4965,,,,
0.0005000000237487257,16,4966,,,,
0.0005000000237487257,16,4967,,,,
0.0005000000237487257,16,4968,,,,
0.0005000000237487257,16,4969,,,,
0.0005000000237487257,16,4970,,,,
0.0005000000237487257,16,4971,,,,
0.0005000000237487257,16,4972,,,,
0.0005000000237487257,16,4973,,,,
0.0005000000237487257,16,4974,,,,
0.0005000000237487257,16,4975,,,,
0.0005000000237487257,16,4976,,,,
0.0005000000237487257,16,4977,,,,
0.0005000000237487257,16,4978,,,,
0.0005000000237487257,16,4979,,,,
0.0005000000237487257,16,4980,,,,
0.0005000000237487257,16,4981,,,,
0.0005000000237487257,16,4982,,,,
0.0005000000237487257,16,4983,,,,
0.0005000000237487257,16,4984,,,,
0.0005000000237487257,16,4985,,,,
0.0005000000237487257,16,4986,,,,
0.0005000000237487257,16,4987,,,,
0.0005000000237487257,16,4988,,,,
0.0005000000237487257,16,4989,,,,
0.0005000000237487257,16,4990,,,,
0.0005000000237487257,16,4991,,,,
0.0005000000237487257,16,4992,,,,
0.0005000000237487257,16,4993,,,,
0.0005000000237487257,16,4994,,,,
0.0005000000237487257,16,4995,,,,
0.0005000000237487257,16,4996,,,,
0.0005000000237487257,16,4997,,,,
0.0005000000237487257,16,4998,,,,
0.0005000000237487257,16,4999,,,,
0.0005000000237487257,16,5000,,,,
0.0005000000237487257,16,5001,,,,
0.0005000000237487257,16,5002,,,,
0.0005000000237487257,16,5003,,,,
0.0005000000237487257,16,5004,,,,
0.0005000000237487257,16,5005,,,,
0.0005000000237487257,16,5006,,,,
0.0005000000237487257,16,5007,,,,
0.0005000000237487257,16,5008,,,,
0.0005000000237487257,16,5009,,,,
0.0005000000237487257,16,5010,,,,
0.0005000000237487257,16,5011,,,,
0.0005000000237487257,16,5012,,,,
0.0005000000237487257,16,5013,,,,
0.0005000000237487257,16,5014,,,,
0.0005000000237487257,16,5015,,,,
0.0005000000237487257,16,5016,,,,
0.0005000000237487257,16,5017,,,,
0.0005000000237487257,16,5018,,,,
0.0005000000237487257,16,5019,,,,
0.0005000000237487257,16,5020,,,,
0.0005000000237487257,16,5021,,,,
0.0005000000237487257,16,5022,,,,
0.0005000000237487257,16,5023,,,,
0.0005000000237487257,16,5024,,,,
0.0005000000237487257,16,5025,,,,
0.0005000000237487257,16,5026,,,,
0.0005000000237487257,16,5027,,,,
0.0005000000237487257,16,5028,,,,
0.0005000000237487257,16,5029,,,,
0.0005000000237487257,16,5030,,,,
0.0005000000237487257,16,5031,,,,
0.0005000000237487257,16,5032,,,,
0.0005000000237487257,16,5033,,,,
0.0005000000237487257,16,5034,,,,
0.0005000000237487257,16,5035,,,,
0.0005000000237487257,16,5036,,,,
0.0005000000237487257,16,5037,,,,
0.0005000000237487257,16,5038,,,,
0.0005000000237487257,16,5039,,,,
0.0005000000237487257,16,5040,,,,
0.0005000000237487257,16,5041,,,,
0.0005000000237487257,16,5042,,,,
0.0005000000237487257,16,5043,,,,
0.0005000000237487257,16,5044,,,,
0.0005000000237487257,16,5045,,,,
0.0005000000237487257,16,5046,,,,
0.0005000000237487257,16,5047,,,,
0.0005000000237487257,16,5048,,,,
0.0005000000237487257,16,5049,,,,
0.0005000000237487257,16,5050,,,,
0.0005000000237487257,16,5051,,,,
0.0005000000237487257,16,5052,,,,
0.0005000000237487257,16,5053,,,,
0.0005000000237487257,16,5054,,,,
0.0005000000237487257,16,5055,,,,
0.0005000000237487257,16,5056,,,,
0.0005000000237487257,16,5057,,,,
0.0005000000237487257,16,5058,,,,
0.0005000000237487257,16,5059,,,,
0.0005000000237487257,16,5060,,,,
0.0005000000237487257,16,5061,,,,
0.0005000000237487257,16,5062,,,,
0.0005000000237487257,16,5063,,,,
0.0005000000237487257,16,5064,,,,
0.0005000000237487257,16,5065,,,,
0.0005000000237487257,16,5066,,,,
0.0005000000237487257,16,5067,,,,
0.0005000000237487257,16,5068,,,,
0.0005000000237487257,16,5069,,,,
0.0005000000237487257,16,5070,,,,
0.0005000000237487257,16,5071,,,,
0.0005000000237487257,16,5072,,,,
0.0005000000237487257,16,5073,,,,
0.0005000000237487257,16,5074,,,,
0.0005000000237487257,16,5075,,,,
0.0005000000237487257,16,5076,,,,
0.0005000000237487257,16,5077,,,,
0.0005000000237487257,16,5078,,,,
0.0005000000237487257,16,5079,,,,
0.0005000000237487257,16,5080,,,,
0.0005000000237487257,16,5081,,,,
0.0005000000237487257,16,5082,,,,
0.0005000000237487257,16,5083,,,,
0.0005000000237487257,16,5084,,,,
0.0005000000237487257,16,5085,,,,
0.0005000000237487257,16,5086,,,,
0.0005000000237487257,16,5087,,,,
0.0005000000237487257,16,5088,,,,
0.0005000000237487257,16,5089,,,,
0.0005000000237487257,16,5090,,,,
0.0005000000237487257,16,5091,,,,
0.0005000000237487257,16,5092,,,,
0.0005000000237487257,16,5093,,,,
0.0005000000237487257,16,5094,,,,
0.0005000000237487257,16,5095,,,,
0.0005000000237487257,16,5096,,,,
0.0005000000237487257,16,5097,,,,
0.0005000000237487257,16,5098,,,,
0.0005000000237487257,16,5099,,,,
0.0005000000237487257,16,5100,,,,
0.0005000000237487257,16,5101,,,,
0.0005000000237487257,16,5102,,,,
0.0005000000237487257,16,5103,,,,
0.0005000000237487257,16,5104,,,,
0.0005000000237487257,16,5105,,,,
0.0005000000237487257,16,5106,,,,
0.0005000000237487257,16,5107,,,,
0.0005000000237487257,16,5108,,,,
0.0005000000237487257,16,5109,,,,
0.0005000000237487257,16,5110,,,,
0.0005000000237487257,16,5111,,,,
0.0005000000237487257,16,5112,,,,
0.0005000000237487257,16,5113,,,,
0.0005000000237487257,16,5114,,,,
0.0005000000237487257,16,5115,,,,
0.0005000000237487257,16,5116,,,,
0.0005000000237487257,16,5117,,,,
0.0005000000237487257,16,5118,,,,
0.0005000000237487257,16,5119,,,,
0.0005000000237487257,16,5120,,,,
0.0005000000237487257,16,5121,,,,
0.0005000000237487257,16,5122,,,,
0.0005000000237487257,16,5123,,,,
0.0005000000237487257,16,5124,,,,
0.0005000000237487257,16,5125,,,,
0.0005000000237487257,16,5126,,,,
0.0005000000237487257,16,5127,,,,
0.0005000000237487257,16,5128,,,,
0.0005000000237487257,16,5129,,,,
0.0005000000237487257,16,5130,,,,
0.0005000000237487257,16,5131,,,,
0.0005000000237487257,16,5132,,,,
0.0005000000237487257,16,5133,,,,
,16,5133,0.40090590715408325,0.6036655306816101,,
,16,5133,,,0.4174923002719879,0.24777844548225403
0.0005000000237487257,17,5134,,,,
0.0005000000237487257,17,5135,,,,
0.0005000000237487257,17,5136,,,,
0.0005000000237487257,17,5137,,,,
0.0005000000237487257,17,5138,,,,
0.0005000000237487257,17,5139,,,,
0.0005000000237487257,17,5140,,,,
0.0005000000237487257,17,5141,,,,
0.0005000000237487257,17,5142,,,,
0.0005000000237487257,17,5143,,,,
0.0005000000237487257,17,5144,,,,
0.0005000000237487257,17,5145,,,,
0.0005000000237487257,17,5146,,,,
0.0005000000237487257,17,5147,,,,
0.0005000000237487257,17,5148,,,,
0.0005000000237487257,17,5149,,,,
0.0005000000237487257,17,5150,,,,
0.0005000000237487257,17,5151,,,,
0.0005000000237487257,17,5152,,,,
0.0005000000237487257,17,5153,,,,
0.0005000000237487257,17,5154,,,,
0.0005000000237487257,17,5155,,,,
0.0005000000237487257,17,5156,,,,
0.0005000000237487257,17,5157,,,,
0.0005000000237487257,17,5158,,,,
0.0005000000237487257,17,5159,,,,
0.0005000000237487257,17,5160,,,,
0.0005000000237487257,17,5161,,,,
0.0005000000237487257,17,5162,,,,
0.0005000000237487257,17,5163,,,,
0.0005000000237487257,17,5164,,,,
0.0005000000237487257,17,5165,,,,
0.0005000000237487257,17,5166,,,,
0.0005000000237487257,17,5167,,,,
0.0005000000237487257,17,5168,,,,
0.0005000000237487257,17,5169,,,,
0.0005000000237487257,17,5170,,,,
0.0005000000237487257,17,5171,,,,
0.0005000000237487257,17,5172,,,,
0.0005000000237487257,17,5173,,,,
0.0005000000237487257,17,5174,,,,
0.0005000000237487257,17,5175,,,,
0.0005000000237487257,17,5176,,,,
0.0005000000237487257,17,5177,,,,
0.0005000000237487257,17,5178,,,,
0.0005000000237487257,17,5179,,,,
0.0005000000237487257,17,5180,,,,
0.0005000000237487257,17,5181,,,,
0.0005000000237487257,17,5182,,,,
0.0005000000237487257,17,5183,,,,
0.0005000000237487257,17,5184,,,,
0.0005000000237487257,17,5185,,,,
0.0005000000237487257,17,5186,,,,
0.0005000000237487257,17,5187,,,,
0.0005000000237487257,17,5188,,,,
0.0005000000237487257,17,5189,,,,
0.0005000000237487257,17,5190,,,,
0.0005000000237487257,17,5191,,,,
0.0005000000237487257,17,5192,,,,
0.0005000000237487257,17,5193,,,,
0.0005000000237487257,17,5194,,,,
0.0005000000237487257,17,5195,,,,
0.0005000000237487257,17,5196,,,,
0.0005000000237487257,17,5197,,,,
0.0005000000237487257,17,5198,,,,
0.0005000000237487257,17,5199,,,,
0.0005000000237487257,17,5200,,,,
0.0005000000237487257,17,5201,,,,
0.0005000000237487257,17,5202,,,,
0.0005000000237487257,17,5203,,,,
0.0005000000237487257,17,5204,,,,
0.0005000000237487257,17,5205,,,,
0.0005000000237487257,17,5206,,,,
0.0005000000237487257,17,5207,,,,
0.0005000000237487257,17,5208,,,,
0.0005000000237487257,17,5209,,,,
0.0005000000237487257,17,5210,,,,
0.0005000000237487257,17,5211,,,,
0.0005000000237487257,17,5212,,,,
0.0005000000237487257,17,5213,,,,
0.0005000000237487257,17,5214,,,,
0.0005000000237487257,17,5215,,,,
0.0005000000237487257,17,5216,,,,
0.0005000000237487257,17,5217,,,,
0.0005000000237487257,17,5218,,,,
0.0005000000237487257,17,5219,,,,
0.0005000000237487257,17,5220,,,,
0.0005000000237487257,17,5221,,,,
0.0005000000237487257,17,5222,,,,
0.0005000000237487257,17,5223,,,,
0.0005000000237487257,17,5224,,,,
0.0005000000237487257,17,5225,,,,
0.0005000000237487257,17,5226,,,,
0.0005000000237487257,17,5227,,,,
0.0005000000237487257,17,5228,,,,
0.0005000000237487257,17,5229,,,,
0.0005000000237487257,17,5230,,,,
0.0005000000237487257,17,5231,,,,
0.0005000000237487257,17,5232,,,,
0.0005000000237487257,17,5233,,,,
0.0005000000237487257,17,5234,,,,
0.0005000000237487257,17,5235,,,,
0.0005000000237487257,17,5236,,,,
0.0005000000237487257,17,5237,,,,
0.0005000000237487257,17,5238,,,,
0.0005000000237487257,17,5239,,,,
0.0005000000237487257,17,5240,,,,
0.0005000000237487257,17,5241,,,,
0.0005000000237487257,17,5242,,,,
0.0005000000237487257,17,5243,,,,
0.0005000000237487257,17,5244,,,,
0.0005000000237487257,17,5245,,,,
0.0005000000237487257,17,5246,,,,
0.0005000000237487257,17,5247,,,,
0.0005000000237487257,17,5248,,,,
0.0005000000237487257,17,5249,,,,
0.0005000000237487257,17,5250,,,,
0.0005000000237487257,17,5251,,,,
0.0005000000237487257,17,5252,,,,
0.0005000000237487257,17,5253,,,,
0.0005000000237487257,17,5254,,,,
0.0005000000237487257,17,5255,,,,
0.0005000000237487257,17,5256,,,,
0.0005000000237487257,17,5257,,,,
0.0005000000237487257,17,5258,,,,
0.0005000000237487257,17,5259,,,,
0.0005000000237487257,17,5260,,,,
0.0005000000237487257,17,5261,,,,
0.0005000000237487257,17,5262,,,,
0.0005000000237487257,17,5263,,,,
0.0005000000237487257,17,5264,,,,
0.0005000000237487257,17,5265,,,,
0.0005000000237487257,17,5266,,,,
0.0005000000237487257,17,5267,,,,
0.0005000000237487257,17,5268,,,,
0.0005000000237487257,17,5269,,,,
0.0005000000237487257,17,5270,,,,
0.0005000000237487257,17,5271,,,,
0.0005000000237487257,17,5272,,,,
0.0005000000237487257,17,5273,,,,
0.0005000000237487257,17,5274,,,,
0.0005000000237487257,17,5275,,,,
0.0005000000237487257,17,5276,,,,
0.0005000000237487257,17,5277,,,,
0.0005000000237487257,17,5278,,,,
0.0005000000237487257,17,5279,,,,
0.0005000000237487257,17,5280,,,,
0.0005000000237487257,17,5281,,,,
0.0005000000237487257,17,5282,,,,
0.0005000000237487257,17,5283,,,,
0.0005000000237487257,17,5284,,,,
0.0005000000237487257,17,5285,,,,
0.0005000000237487257,17,5286,,,,
0.0005000000237487257,17,5287,,,,
0.0005000000237487257,17,5288,,,,
0.0005000000237487257,17,5289,,,,
0.0005000000237487257,17,5290,,,,
0.0005000000237487257,17,5291,,,,
0.0005000000237487257,17,5292,,,,
0.0005000000237487257,17,5293,,,,
0.0005000000237487257,17,5294,,,,
0.0005000000237487257,17,5295,,,,
0.0005000000237487257,17,5296,,,,
0.0005000000237487257,17,5297,,,,
0.0005000000237487257,17,5298,,,,
0.0005000000237487257,17,5299,,,,
0.0005000000237487257,17,5300,,,,
0.0005000000237487257,17,5301,,,,
0.0005000000237487257,17,5302,,,,
0.0005000000237487257,17,5303,,,,
0.0005000000237487257,17,5304,,,,
0.0005000000237487257,17,5305,,,,
0.0005000000237487257,17,5306,,,,
0.0005000000237487257,17,5307,,,,
0.0005000000237487257,17,5308,,,,
0.0005000000237487257,17,5309,,,,
0.0005000000237487257,17,5310,,,,
0.0005000000237487257,17,5311,,,,
0.0005000000237487257,17,5312,,,,
0.0005000000237487257,17,5313,,,,
0.0005000000237487257,17,5314,,,,
0.0005000000237487257,17,5315,,,,
0.0005000000237487257,17,5316,,,,
0.0005000000237487257,17,5317,,,,
0.0005000000237487257,17,5318,,,,
0.0005000000237487257,17,5319,,,,
0.0005000000237487257,17,5320,,,,
0.0005000000237487257,17,5321,,,,
0.0005000000237487257,17,5322,,,,
0.0005000000237487257,17,5323,,,,
0.0005000000237487257,17,5324,,,,
0.0005000000237487257,17,5325,,,,
0.0005000000237487257,17,5326,,,,
0.0005000000237487257,17,5327,,,,
0.0005000000237487257,17,5328,,,,
0.0005000000237487257,17,5329,,,,
0.0005000000237487257,17,5330,,,,
0.0005000000237487257,17,5331,,,,
0.0005000000237487257,17,5332,,,,
0.0005000000237487257,17,5333,,,,
0.0005000000237487257,17,5334,,,,
0.0005000000237487257,17,5335,,,,
0.0005000000237487257,17,5336,,,,
0.0005000000237487257,17,5337,,,,
0.0005000000237487257,17,5338,,,,
0.0005000000237487257,17,5339,,,,
0.0005000000237487257,17,5340,,,,
0.0005000000237487257,17,5341,,,,
0.0005000000237487257,17,5342,,,,
0.0005000000237487257,17,5343,,,,
0.0005000000237487257,17,5344,,,,
0.0005000000237487257,17,5345,,,,
0.0005000000237487257,17,5346,,,,
0.0005000000237487257,17,5347,,,,
0.0005000000237487257,17,5348,,,,
0.0005000000237487257,17,5349,,,,
0.0005000000237487257,17,5350,,,,
0.0005000000237487257,17,5351,,,,
0.0005000000237487257,17,5352,,,,
0.0005000000237487257,17,5353,,,,
0.0005000000237487257,17,5354,,,,
0.0005000000237487257,17,5355,,,,
0.0005000000237487257,17,5356,,,,
0.0005000000237487257,17,5357,,,,
0.0005000000237487257,17,5358,,,,
0.0005000000237487257,17,5359,,,,
0.0005000000237487257,17,5360,,,,
0.0005000000237487257,17,5361,,,,
0.0005000000237487257,17,5362,,,,
0.0005000000237487257,17,5363,,,,
0.0005000000237487257,17,5364,,,,
0.0005000000237487257,17,5365,,,,
0.0005000000237487257,17,5366,,,,
0.0005000000237487257,17,5367,,,,
0.0005000000237487257,17,5368,,,,
0.0005000000237487257,17,5369,,,,
0.0005000000237487257,17,5370,,,,
0.0005000000237487257,17,5371,,,,
0.0005000000237487257,17,5372,,,,
0.0005000000237487257,17,5373,,,,
0.0005000000237487257,17,5374,,,,
0.0005000000237487257,17,5375,,,,
0.0005000000237487257,17,5376,,,,
0.0005000000237487257,17,5377,,,,
0.0005000000237487257,17,5378,,,,
0.0005000000237487257,17,5379,,,,
0.0005000000237487257,17,5380,,,,
0.0005000000237487257,17,5381,,,,
0.0005000000237487257,17,5382,,,,
0.0005000000237487257,17,5383,,,,
0.0005000000237487257,17,5384,,,,
0.0005000000237487257,17,5385,,,,
0.0005000000237487257,17,5386,,,,
0.0005000000237487257,17,5387,,,,
0.0005000000237487257,17,5388,,,,
0.0005000000237487257,17,5389,,,,
0.0005000000237487257,17,5390,,,,
0.0005000000237487257,17,5391,,,,
0.0005000000237487257,17,5392,,,,
0.0005000000237487257,17,5393,,,,
0.0005000000237487257,17,5394,,,,
0.0005000000237487257,17,5395,,,,
0.0005000000237487257,17,5396,,,,
0.0005000000237487257,17,5397,,,,
0.0005000000237487257,17,5398,,,,
0.0005000000237487257,17,5399,,,,
0.0005000000237487257,17,5400,,,,
0.0005000000237487257,17,5401,,,,
0.0005000000237487257,17,5402,,,,
0.0005000000237487257,17,5403,,,,
0.0005000000237487257,17,5404,,,,
0.0005000000237487257,17,5405,,,,
0.0005000000237487257,17,5406,,,,
0.0005000000237487257,17,5407,,,,
0.0005000000237487257,17,5408,,,,
0.0005000000237487257,17,5409,,,,
0.0005000000237487257,17,5410,,,,
0.0005000000237487257,17,5411,,,,
0.0005000000237487257,17,5412,,,,
0.0005000000237487257,17,5413,,,,
0.0005000000237487257,17,5414,,,,
0.0005000000237487257,17,5415,,,,
0.0005000000237487257,17,5416,,,,
0.0005000000237487257,17,5417,,,,
0.0005000000237487257,17,5418,,,,
0.0005000000237487257,17,5419,,,,
0.0005000000237487257,17,5420,,,,
0.0005000000237487257,17,5421,,,,
0.0005000000237487257,17,5422,,,,
0.0005000000237487257,17,5423,,,,
0.0005000000237487257,17,5424,,,,
0.0005000000237487257,17,5425,,,,
0.0005000000237487257,17,5426,,,,
0.0005000000237487257,17,5427,,,,
0.0005000000237487257,17,5428,,,,
0.0005000000237487257,17,5429,,,,
0.0005000000237487257,17,5430,,,,
0.0005000000237487257,17,5431,,,,
0.0005000000237487257,17,5432,,,,
0.0005000000237487257,17,5433,,,,
0.0005000000237487257,17,5434,,,,
0.0005000000237487257,17,5435,,,,
,17,5435,0.40028125047683716,0.6032280325889587,,
,17,5435,,,0.4182851016521454,0.24612954258918762
0.0005000000237487257,18,5436,,,,
0.0005000000237487257,18,5437,,,,
0.0005000000237487257,18,5438,,,,
0.0005000000237487257,18,5439,,,,
0.0005000000237487257,18,5440,,,,
0.0005000000237487257,18,5441,,,,
0.0005000000237487257,18,5442,,,,
0.0005000000237487257,18,5443,,,,
0.0005000000237487257,18,5444,,,,
0.0005000000237487257,18,5445,,,,
0.0005000000237487257,18,5446,,,,
0.0005000000237487257,18,5447,,,,
0.0005000000237487257,18,5448,,,,
0.0005000000237487257,18,5449,,,,
0.0005000000237487257,18,5450,,,,
0.0005000000237487257,18,5451,,,,
0.0005000000237487257,18,5452,,,,
0.0005000000237487257,18,5453,,,,
0.0005000000237487257,18,5454,,,,
0.0005000000237487257,18,5455,,,,
0.0005000000237487257,18,5456,,,,
0.0005000000237487257,18,5457,,,,
0.0005000000237487257,18,5458,,,,
0.0005000000237487257,18,5459,,,,
0.0005000000237487257,18,5460,,,,
0.0005000000237487257,18,5461,,,,
0.0005000000237487257,18,5462,,,,
0.0005000000237487257,18,5463,,,,
0.0005000000237487257,18,5464,,,,
0.0005000000237487257,18,5465,,,,
0.0005000000237487257,18,5466,,,,
0.0005000000237487257,18,5467,,,,
0.0005000000237487257,18,5468,,,,
0.0005000000237487257,18,5469,,,,
0.0005000000237487257,18,5470,,,,
0.0005000000237487257,18,5471,,,,
0.0005000000237487257,18,5472,,,,
0.0005000000237487257,18,5473,,,,
0.0005000000237487257,18,5474,,,,
0.0005000000237487257,18,5475,,,,
0.0005000000237487257,18,5476,,,,
0.0005000000237487257,18,5477,,,,
0.0005000000237487257,18,5478,,,,
0.0005000000237487257,18,5479,,,,
0.0005000000237487257,18,5480,,,,
0.0005000000237487257,18,5481,,,,
0.0005000000237487257,18,5482,,,,
0.0005000000237487257,18,5483,,,,
0.0005000000237487257,18,5484,,,,
0.0005000000237487257,18,5485,,,,
0.0005000000237487257,18,5486,,,,
0.0005000000237487257,18,5487,,,,
0.0005000000237487257,18,5488,,,,
0.0005000000237487257,18,5489,,,,
0.0005000000237487257,18,5490,,,,
0.0005000000237487257,18,5491,,,,
0.0005000000237487257,18,5492,,,,
0.0005000000237487257,18,5493,,,,
0.0005000000237487257,18,5494,,,,
0.0005000000237487257,18,5495,,,,
0.0005000000237487257,18,5496,,,,
0.0005000000237487257,18,5497,,,,
0.0005000000237487257,18,5498,,,,
0.0005000000237487257,18,5499,,,,
0.0005000000237487257,18,5500,,,,
0.0005000000237487257,18,5501,,,,
0.0005000000237487257,18,5502,,,,
0.0005000000237487257,18,5503,,,,
0.0005000000237487257,18,5504,,,,
0.0005000000237487257,18,5505,,,,
0.0005000000237487257,18,5506,,,,
0.0005000000237487257,18,5507,,,,
0.0005000000237487257,18,5508,,,,
0.0005000000237487257,18,5509,,,,
0.0005000000237487257,18,5510,,,,
0.0005000000237487257,18,5511,,,,
0.0005000000237487257,18,5512,,,,
0.0005000000237487257,18,5513,,,,
0.0005000000237487257,18,5514,,,,
0.0005000000237487257,18,5515,,,,
0.0005000000237487257,18,5516,,,,
0.0005000000237487257,18,5517,,,,
0.0005000000237487257,18,5518,,,,
0.0005000000237487257,18,5519,,,,
0.0005000000237487257,18,5520,,,,
0.0005000000237487257,18,5521,,,,
0.0005000000237487257,18,5522,,,,
0.0005000000237487257,18,5523,,,,
0.0005000000237487257,18,5524,,,,
0.0005000000237487257,18,5525,,,,
0.0005000000237487257,18,5526,,,,
0.0005000000237487257,18,5527,,,,
0.0005000000237487257,18,5528,,,,
0.0005000000237487257,18,5529,,,,
0.0005000000237487257,18,5530,,,,
0.0005000000237487257,18,5531,,,,
0.0005000000237487257,18,5532,,,,
0.0005000000237487257,18,5533,,,,
0.0005000000237487257,18,5534,,,,
0.0005000000237487257,18,5535,,,,
0.0005000000237487257,18,5536,,,,
0.0005000000237487257,18,5537,,,,
0.0005000000237487257,18,5538,,,,
0.0005000000237487257,18,5539,,,,
0.0005000000237487257,18,5540,,,,
0.0005000000237487257,18,5541,,,,
0.0005000000237487257,18,5542,,,,
0.0005000000237487257,18,5543,,,,
0.0005000000237487257,18,5544,,,,
0.0005000000237487257,18,5545,,,,
0.0005000000237487257,18,5546,,,,
0.0005000000237487257,18,5547,,,,
0.0005000000237487257,18,5548,,,,
0.0005000000237487257,18,5549,,,,
0.0005000000237487257,18,5550,,,,
0.0005000000237487257,18,5551,,,,
0.0005000000237487257,18,5552,,,,
0.0005000000237487257,18,5553,,,,
0.0005000000237487257,18,5554,,,,
0.0005000000237487257,18,5555,,,,
0.0005000000237487257,18,5556,,,,
0.0005000000237487257,18,5557,,,,
0.0005000000237487257,18,5558,,,,
0.0005000000237487257,18,5559,,,,
0.0005000000237487257,18,5560,,,,
0.0005000000237487257,18,5561,,,,
0.0005000000237487257,18,5562,,,,
0.0005000000237487257,18,5563,,,,
0.0005000000237487257,18,5564,,,,
0.0005000000237487257,18,5565,,,,
0.0005000000237487257,18,5566,,,,
0.0005000000237487257,18,5567,,,,
0.0005000000237487257,18,5568,,,,
0.0005000000237487257,18,5569,,,,
0.0005000000237487257,18,5570,,,,
0.0005000000237487257,18,5571,,,,
0.0005000000237487257,18,5572,,,,
0.0005000000237487257,18,5573,,,,
0.0005000000237487257,18,5574,,,,
0.0005000000237487257,18,5575,,,,
0.0005000000237487257,18,5576,,,,
0.0005000000237487257,18,5577,,,,
0.0005000000237487257,18,5578,,,,
0.0005000000237487257,18,5579,,,,
0.0005000000237487257,18,5580,,,,
0.0005000000237487257,18,5581,,,,
0.0005000000237487257,18,5582,,,,
0.0005000000237487257,18,5583,,,,
0.0005000000237487257,18,5584,,,,
0.0005000000237487257,18,5585,,,,
0.0005000000237487257,18,5586,,,,
0.0005000000237487257,18,5587,,,,
0.0005000000237487257,18,5588,,,,
0.0005000000237487257,18,5589,,,,
0.0005000000237487257,18,5590,,,,
0.0005000000237487257,18,5591,,,,
0.0005000000237487257,18,5592,,,,
0.0005000000237487257,18,5593,,,,
0.0005000000237487257,18,5594,,,,
0.0005000000237487257,18,5595,,,,
0.0005000000237487257,18,5596,,,,
0.0005000000237487257,18,5597,,,,
0.0005000000237487257,18,5598,,,,
0.0005000000237487257,18,5599,,,,
0.0005000000237487257,18,5600,,,,
0.0005000000237487257,18,5601,,,,
0.0005000000237487257,18,5602,,,,
0.0005000000237487257,18,5603,,,,
0.0005000000237487257,18,5604,,,,
0.0005000000237487257,18,5605,,,,
0.0005000000237487257,18,5606,,,,
0.0005000000237487257,18,5607,,,,
0.0005000000237487257,18,5608,,,,
0.0005000000237487257,18,5609,,,,
0.0005000000237487257,18,5610,,,,
0.0005000000237487257,18,5611,,,,
0.0005000000237487257,18,5612,,,,
0.0005000000237487257,18,5613,,,,
0.0005000000237487257,18,5614,,,,
0.0005000000237487257,18,5615,,,,
0.0005000000237487257,18,5616,,,,
0.0005000000237487257,18,5617,,,,
0.0005000000237487257,18,5618,,,,
0.0005000000237487257,18,5619,,,,
0.0005000000237487257,18,5620,,,,
0.0005000000237487257,18,5621,,,,
0.0005000000237487257,18,5622,,,,
0.0005000000237487257,18,5623,,,,
0.0005000000237487257,18,5624,,,,
0.0005000000237487257,18,5625,,,,
0.0005000000237487257,18,5626,,,,
0.0005000000237487257,18,5627,,,,
0.0005000000237487257,18,5628,,,,
0.0005000000237487257,18,5629,,,,
0.0005000000237487257,18,5630,,,,
0.0005000000237487257,18,5631,,,,
0.0005000000237487257,18,5632,,,,
0.0005000000237487257,18,5633,,,,
0.0005000000237487257,18,5634,,,,
0.0005000000237487257,18,5635,,,,
0.0005000000237487257,18,5636,,,,
0.0005000000237487257,18,5637,,,,
0.0005000000237487257,18,5638,,,,
0.0005000000237487257,18,5639,,,,
0.0005000000237487257,18,5640,,,,
0.0005000000237487257,18,5641,,,,
0.0005000000237487257,18,5642,,,,
0.0005000000237487257,18,5643,,,,
0.0005000000237487257,18,5644,,,,
0.0005000000237487257,18,5645,,,,
0.0005000000237487257,18,5646,,,,
0.0005000000237487257,18,5647,,,,
0.0005000000237487257,18,5648,,,,
0.0005000000237487257,18,5649,,,,
0.0005000000237487257,18,5650,,,,
0.0005000000237487257,18,5651,,,,
0.0005000000237487257,18,5652,,,,
0.0005000000237487257,18,5653,,,,
0.0005000000237487257,18,5654,,,,
0.0005000000237487257,18,5655,,,,
0.0005000000237487257,18,5656,,,,
0.0005000000237487257,18,5657,,,,
0.0005000000237487257,18,5658,,,,
0.0005000000237487257,18,5659,,,,
0.0005000000237487257,18,5660,,,,
0.0005000000237487257,18,5661,,,,
0.0005000000237487257,18,5662,,,,
0.0005000000237487257,18,5663,,,,
0.0005000000237487257,18,5664,,,,
0.0005000000237487257,18,5665,,,,
0.0005000000237487257,18,5666,,,,
0.0005000000237487257,18,5667,,,,
0.0005000000237487257,18,5668,,,,
0.0005000000237487257,18,5669,,,,
0.0005000000237487257,18,5670,,,,
0.0005000000237487257,18,5671,,,,
0.0005000000237487257,18,5672,,,,
0.0005000000237487257,18,5673,,,,
0.0005000000237487257,18,5674,,,,
0.0005000000237487257,18,5675,,,,
0.0005000000237487257,18,5676,,,,
0.0005000000237487257,18,5677,,,,
0.0005000000237487257,18,5678,,,,
0.0005000000237487257,18,5679,,,,
0.0005000000237487257,18,5680,,,,
0.0005000000237487257,18,5681,,,,
0.0005000000237487257,18,5682,,,,
0.0005000000237487257,18,5683,,,,
0.0005000000237487257,18,5684,,,,
0.0005000000237487257,18,5685,,,,
0.0005000000237487257,18,5686,,,,
0.0005000000237487257,18,5687,,,,
0.0005000000237487257,18,5688,,,,
0.0005000000237487257,18,5689,,,,
0.0005000000237487257,18,5690,,,,
0.0005000000237487257,18,5691,,,,
0.0005000000237487257,18,5692,,,,
0.0005000000237487257,18,5693,,,,
0.0005000000237487257,18,5694,,,,
0.0005000000237487257,18,5695,,,,
0.0005000000237487257,18,5696,,,,
0.0005000000237487257,18,5697,,,,
0.0005000000237487257,18,5698,,,,
0.0005000000237487257,18,5699,,,,
0.0005000000237487257,18,5700,,,,
0.0005000000237487257,18,5701,,,,
0.0005000000237487257,18,5702,,,,
0.0005000000237487257,18,5703,,,,
0.0005000000237487257,18,5704,,,,
0.0005000000237487257,18,5705,,,,
0.0005000000237487257,18,5706,,,,
0.0005000000237487257,18,5707,,,,
0.0005000000237487257,18,5708,,,,
0.0005000000237487257,18,5709,,,,
0.0005000000237487257,18,5710,,,,
0.0005000000237487257,18,5711,,,,
0.0005000000237487257,18,5712,,,,
0.0005000000237487257,18,5713,,,,
0.0005000000237487257,18,5714,,,,
0.0005000000237487257,18,5715,,,,
0.0005000000237487257,18,5716,,,,
0.0005000000237487257,18,5717,,,,
0.0005000000237487257,18,5718,,,,
0.0005000000237487257,18,5719,,,,
0.0005000000237487257,18,5720,,,,
0.0005000000237487257,18,5721,,,,
0.0005000000237487257,18,5722,,,,
0.0005000000237487257,18,5723,,,,
0.0005000000237487257,18,5724,,,,
0.0005000000237487257,18,5725,,,,
0.0005000000237487257,18,5726,,,,
0.0005000000237487257,18,5727,,,,
0.0005000000237487257,18,5728,,,,
0.0005000000237487257,18,5729,,,,
0.0005000000237487257,18,5730,,,,
0.0005000000237487257,18,5731,,,,
0.0005000000237487257,18,5732,,,,
0.0005000000237487257,18,5733,,,,
0.0005000000237487257,18,5734,,,,
0.0005000000237487257,18,5735,,,,
0.0005000000237487257,18,5736,,,,
0.0005000000237487257,18,5737,,,,
,18,5737,0.4030689299106598,0.6019926071166992,,
,18,5737,,,0.41801026463508606,0.24074983596801758
0.0005000000237487257,19,5738,,,,
0.0005000000237487257,19,5739,,,,
0.0005000000237487257,19,5740,,,,
0.0005000000237487257,19,5741,,,,
0.0005000000237487257,19,5742,,,,
0.0005000000237487257,19,5743,,,,
0.0005000000237487257,19,5744,,,,
0.0005000000237487257,19,5745,,,,
0.0005000000237487257,19,5746,,,,
0.0005000000237487257,19,5747,,,,
0.0005000000237487257,19,5748,,,,
0.0005000000237487257,19,5749,,,,
0.0005000000237487257,19,5750,,,,
0.0005000000237487257,19,5751,,,,
0.0005000000237487257,19,5752,,,,
0.0005000000237487257,19,5753,,,,
0.0005000000237487257,19,5754,,,,
0.0005000000237487257,19,5755,,,,
0.0005000000237487257,19,5756,,,,
0.0005000000237487257,19,5757,,,,
0.0005000000237487257,19,5758,,,,
0.0005000000237487257,19,5759,,,,
0.0005000000237487257,19,5760,,,,
0.0005000000237487257,19,5761,,,,
0.0005000000237487257,19,5762,,,,
0.0005000000237487257,19,5763,,,,
0.0005000000237487257,19,5764,,,,
0.0005000000237487257,19,5765,,,,
0.0005000000237487257,19,5766,,,,
0.0005000000237487257,19,5767,,,,
0.0005000000237487257,19,5768,,,,
0.0005000000237487257,19,5769,,,,
0.0005000000237487257,19,5770,,,,
0.0005000000237487257,19,5771,,,,
0.0005000000237487257,19,5772,,,,
0.0005000000237487257,19,5773,,,,
0.0005000000237487257,19,5774,,,,
0.0005000000237487257,19,5775,,,,
0.0005000000237487257,19,5776,,,,
0.0005000000237487257,19,5777,,,,
0.0005000000237487257,19,5778,,,,
0.0005000000237487257,19,5779,,,,
0.0005000000237487257,19,5780,,,,
0.0005000000237487257,19,5781,,,,
0.0005000000237487257,19,5782,,,,
0.0005000000237487257,19,5783,,,,
0.0005000000237487257,19,5784,,,,
0.0005000000237487257,19,5785,,,,
0.0005000000237487257,19,5786,,,,
0.0005000000237487257,19,5787,,,,
0.0005000000237487257,19,5788,,,,
0.0005000000237487257,19,5789,,,,
0.0005000000237487257,19,5790,,,,
0.0005000000237487257,19,5791,,,,
0.0005000000237487257,19,5792,,,,
0.0005000000237487257,19,5793,,,,
0.0005000000237487257,19,5794,,,,
0.0005000000237487257,19,5795,,,,
0.0005000000237487257,19,5796,,,,
0.0005000000237487257,19,5797,,,,
0.0005000000237487257,19,5798,,,,
0.0005000000237487257,19,5799,,,,
0.0005000000237487257,19,5800,,,,
0.0005000000237487257,19,5801,,,,
0.0005000000237487257,19,5802,,,,
0.0005000000237487257,19,5803,,,,
0.0005000000237487257,19,5804,,,,
0.0005000000237487257,19,5805,,,,
0.0005000000237487257,19,5806,,,,
0.0005000000237487257,19,5807,,,,
0.0005000000237487257,19,5808,,,,
0.0005000000237487257,19,5809,,,,
0.0005000000237487257,19,5810,,,,
0.0005000000237487257,19,5811,,,,
0.0005000000237487257,19,5812,,,,
0.0005000000237487257,19,5813,,,,
0.0005000000237487257,19,5814,,,,
0.0005000000237487257,19,5815,,,,
0.0005000000237487257,19,5816,,,,
0.0005000000237487257,19,5817,,,,
0.0005000000237487257,19,5818,,,,
0.0005000000237487257,19,5819,,,,
0.0005000000237487257,19,5820,,,,
0.0005000000237487257,19,5821,,,,
0.0005000000237487257,19,5822,,,,
0.0005000000237487257,19,5823,,,,
0.0005000000237487257,19,5824,,,,
0.0005000000237487257,19,5825,,,,
0.0005000000237487257,19,5826,,,,
0.0005000000237487257,19,5827,,,,
0.0005000000237487257,19,5828,,,,
0.0005000000237487257,19,5829,,,,
0.0005000000237487257,19,5830,,,,
0.0005000000237487257,19,5831,,,,
0.0005000000237487257,19,5832,,,,
0.0005000000237487257,19,5833,,,,
0.0005000000237487257,19,5834,,,,
0.0005000000237487257,19,5835,,,,
0.0005000000237487257,19,5836,,,,
0.0005000000237487257,19,5837,,,,
0.0005000000237487257,19,5838,,,,
0.0005000000237487257,19,5839,,,,
0.0005000000237487257,19,5840,,,,
0.0005000000237487257,19,5841,,,,
0.0005000000237487257,19,5842,,,,
0.0005000000237487257,19,5843,,,,
0.0005000000237487257,19,5844,,,,
0.0005000000237487257,19,5845,,,,
0.0005000000237487257,19,5846,,,,
0.0005000000237487257,19,5847,,,,
0.0005000000237487257,19,5848,,,,
0.0005000000237487257,19,5849,,,,
0.0005000000237487257,19,5850,,,,
0.0005000000237487257,19,5851,,,,
0.0005000000237487257,19,5852,,,,
0.0005000000237487257,19,5853,,,,
0.0005000000237487257,19,5854,,,,
0.0005000000237487257,19,5855,,,,
0.0005000000237487257,19,5856,,,,
0.0005000000237487257,19,5857,,,,
0.0005000000237487257,19,5858,,,,
0.0005000000237487257,19,5859,,,,
0.0005000000237487257,19,5860,,,,
0.0005000000237487257,19,5861,,,,
0.0005000000237487257,19,5862,,,,
0.0005000000237487257,19,5863,,,,
0.0005000000237487257,19,5864,,,,
0.0005000000237487257,19,5865,,,,
0.0005000000237487257,19,5866,,,,
0.0005000000237487257,19,5867,,,,
0.0005000000237487257,19,5868,,,,
0.0005000000237487257,19,5869,,,,
0.0005000000237487257,19,5870,,,,
0.0005000000237487257,19,5871,,,,
0.0005000000237487257,19,5872,,,,
0.0005000000237487257,19,5873,,,,
0.0005000000237487257,19,5874,,,,
0.0005000000237487257,19,5875,,,,
0.0005000000237487257,19,5876,,,,
0.0005000000237487257,19,5877,,,,
0.0005000000237487257,19,5878,,,,
0.0005000000237487257,19,5879,,,,
0.0005000000237487257,19,5880,,,,
0.0005000000237487257,19,5881,,,,
0.0005000000237487257,19,5882,,,,
0.0005000000237487257,19,5883,,,,
0.0005000000237487257,19,5884,,,,
0.0005000000237487257,19,5885,,,,
0.0005000000237487257,19,5886,,,,
0.0005000000237487257,19,5887,,,,
0.0005000000237487257,19,5888,,,,
0.0005000000237487257,19,5889,,,,
0.0005000000237487257,19,5890,,,,
0.0005000000237487257,19,5891,,,,
0.0005000000237487257,19,5892,,,,
0.0005000000237487257,19,5893,,,,
0.0005000000237487257,19,5894,,,,
0.0005000000237487257,19,5895,,,,
0.0005000000237487257,19,5896,,,,
0.0005000000237487257,19,5897,,,,
0.0005000000237487257,19,5898,,,,
0.0005000000237487257,19,5899,,,,
0.0005000000237487257,19,5900,,,,
0.0005000000237487257,19,5901,,,,
0.0005000000237487257,19,5902,,,,
0.0005000000237487257,19,5903,,,,
0.0005000000237487257,19,5904,,,,
0.0005000000237487257,19,5905,,,,
0.0005000000237487257,19,5906,,,,
0.0005000000237487257,19,5907,,,,
0.0005000000237487257,19,5908,,,,
0.0005000000237487257,19,5909,,,,
0.0005000000237487257,19,5910,,,,
0.0005000000237487257,19,5911,,,,
0.0005000000237487257,19,5912,,,,
0.0005000000237487257,19,5913,,,,
0.0005000000237487257,19,5914,,,,
0.0005000000237487257,19,5915,,,,
0.0005000000237487257,19,5916,,,,
0.0005000000237487257,19,5917,,,,
0.0005000000237487257,19,5918,,,,
0.0005000000237487257,19,5919,,,,
0.0005000000237487257,19,5920,,,,
0.0005000000237487257,19,5921,,,,
0.0005000000237487257,19,5922,,,,
0.0005000000237487257,19,5923,,,,
0.0005000000237487257,19,5924,,,,
0.0005000000237487257,19,5925,,,,
0.0005000000237487257,19,5926,,,,
0.0005000000237487257,19,5927,,,,
0.0005000000237487257,19,5928,,,,
0.0005000000237487257,19,5929,,,,
0.0005000000237487257,19,5930,,,,
0.0005000000237487257,19,5931,,,,
0.0005000000237487257,19,5932,,,,
0.0005000000237487257,19,5933,,,,
0.0005000000237487257,19,5934,,,,
0.0005000000237487257,19,5935,,,,
0.0005000000237487257,19,5936,,,,
0.0005000000237487257,19,5937,,,,
0.0005000000237487257,19,5938,,,,
0.0005000000237487257,19,5939,,,,
0.0005000000237487257,19,5940,,,,
0.0005000000237487257,19,5941,,,,
0.0005000000237487257,19,5942,,,,
0.0005000000237487257,19,5943,,,,
0.0005000000237487257,19,5944,,,,
0.0005000000237487257,19,5945,,,,
0.0005000000237487257,19,5946,,,,
0.0005000000237487257,19,5947,,,,
0.0005000000237487257,19,5948,,,,
0.0005000000237487257,19,5949,,,,
0.0005000000237487257,19,5950,,,,
0.0005000000237487257,19,5951,,,,
0.0005000000237487257,19,5952,,,,
0.0005000000237487257,19,5953,,,,
0.0005000000237487257,19,5954,,,,
0.0005000000237487257,19,5955,,,,
0.0005000000237487257,19,5956,,,,
0.0005000000237487257,19,5957,,,,
0.0005000000237487257,19,5958,,,,
0.0005000000237487257,19,5959,,,,
0.0005000000237487257,19,5960,,,,
0.0005000000237487257,19,5961,,,,
0.0005000000237487257,19,5962,,,,
0.0005000000237487257,19,5963,,,,
0.0005000000237487257,19,5964,,,,
0.0005000000237487257,19,5965,,,,
0.0005000000237487257,19,5966,,,,
0.0005000000237487257,19,5967,,,,
0.0005000000237487257,19,5968,,,,
0.0005000000237487257,19,5969,,,,
0.0005000000237487257,19,5970,,,,
0.0005000000237487257,19,5971,,,,
0.0005000000237487257,19,5972,,,,
0.0005000000237487257,19,5973,,,,
0.0005000000237487257,19,5974,,,,
0.0005000000237487257,19,5975,,,,
0.0005000000237487257,19,5976,,,,
0.0005000000237487257,19,5977,,,,
0.0005000000237487257,19,5978,,,,
0.0005000000237487257,19,5979,,,,
0.0005000000237487257,19,5980,,,,
0.0005000000237487257,19,5981,,,,
0.0005000000237487257,19,5982,,,,
0.0005000000237487257,19,5983,,,,
0.0005000000237487257,19,5984,,,,
0.0005000000237487257,19,5985,,,,
0.0005000000237487257,19,5986,,,,
0.0005000000237487257,19,5987,,,,
0.0005000000237487257,19,5988,,,,
0.0005000000237487257,19,5989,,,,
0.0005000000237487257,19,5990,,,,
0.0005000000237487257,19,5991,,,,
0.0005000000237487257,19,5992,,,,
0.0005000000237487257,19,5993,,,,
0.0005000000237487257,19,5994,,,,
0.0005000000237487257,19,5995,,,,
0.0005000000237487257,19,5996,,,,
0.0005000000237487257,19,5997,,,,
0.0005000000237487257,19,5998,,,,
0.0005000000237487257,19,5999,,,,
0.0005000000237487257,19,6000,,,,
0.0005000000237487257,19,6001,,,,
0.0005000000237487257,19,6002,,,,
0.0005000000237487257,19,6003,,,,
0.0005000000237487257,19,6004,,,,
0.0005000000237487257,19,6005,,,,
0.0005000000237487257,19,6006,,,,
0.0005000000237487257,19,6007,,,,
0.0005000000237487257,19,6008,,,,
0.0005000000237487257,19,6009,,,,
0.0005000000237487257,19,6010,,,,
0.0005000000237487257,19,6011,,,,
0.0005000000237487257,19,6012,,,,
0.0005000000237487257,19,6013,,,,
0.0005000000237487257,19,6014,,,,
0.0005000000237487257,19,6015,,,,
0.0005000000237487257,19,6016,,,,
0.0005000000237487257,19,6017,,,,
0.0005000000237487257,19,6018,,,,
0.0005000000237487257,19,6019,,,,
0.0005000000237487257,19,6020,,,,
0.0005000000237487257,19,6021,,,,
0.0005000000237487257,19,6022,,,,
0.0005000000237487257,19,6023,,,,
0.0005000000237487257,19,6024,,,,
0.0005000000237487257,19,6025,,,,
0.0005000000237487257,19,6026,,,,
0.0005000000237487257,19,6027,,,,
0.0005000000237487257,19,6028,,,,
0.0005000000237487257,19,6029,,,,
0.0005000000237487257,19,6030,,,,
0.0005000000237487257,19,6031,,,,
0.0005000000237487257,19,6032,,,,
0.0005000000237487257,19,6033,,,,
0.0005000000237487257,19,6034,,,,
0.0005000000237487257,19,6035,,,,
0.0005000000237487257,19,6036,,,,
0.0005000000237487257,19,6037,,,,
0.0005000000237487257,19,6038,,,,
0.0005000000237487257,19,6039,,,,
,19,6039,0.39327317476272583,0.6105446815490723,,
,19,6039,,,0.4183025360107422,0.23607487976551056
0.0005000000237487257,20,6040,,,,
0.0005000000237487257,20,6041,,,,
0.0005000000237487257,20,6042,,,,
0.0005000000237487257,20,6043,,,,
0.0005000000237487257,20,6044,,,,
0.0005000000237487257,20,6045,,,,
0.0005000000237487257,20,6046,,,,
0.0005000000237487257,20,6047,,,,
0.0005000000237487257,20,6048,,,,
0.0005000000237487257,20,6049,,,,
0.0005000000237487257,20,6050,,,,
0.0005000000237487257,20,6051,,,,
0.0005000000237487257,20,6052,,,,
0.0005000000237487257,20,6053,,,,
0.0005000000237487257,20,6054,,,,
0.0005000000237487257,20,6055,,,,
0.0005000000237487257,20,6056,,,,
0.0005000000237487257,20,6057,,,,
0.0005000000237487257,20,6058,,,,
0.0005000000237487257,20,6059,,,,
0.0005000000237487257,20,6060,,,,
0.0005000000237487257,20,6061,,,,
0.0005000000237487257,20,6062,,,,
0.0005000000237487257,20,6063,,,,
0.0005000000237487257,20,6064,,,,
0.0005000000237487257,20,6065,,,,
0.0005000000237487257,20,6066,,,,
0.0005000000237487257,20,6067,,,,
0.0005000000237487257,20,6068,,,,
0.0005000000237487257,20,6069,,,,
0.0005000000237487257,20,6070,,,,
0.0005000000237487257,20,6071,,,,
0.0005000000237487257,20,6072,,,,
0.0005000000237487257,20,6073,,,,
0.0005000000237487257,20,6074,,,,
0.0005000000237487257,20,6075,,,,
0.0005000000237487257,20,6076,,,,
0.0005000000237487257,20,6077,,,,
0.0005000000237487257,20,6078,,,,
0.0005000000237487257,20,6079,,,,
0.0005000000237487257,20,6080,,,,
0.0005000000237487257,20,6081,,,,
0.0005000000237487257,20,6082,,,,
0.0005000000237487257,20,6083,,,,
0.0005000000237487257,20,6084,,,,
0.0005000000237487257,20,6085,,,,
0.0005000000237487257,20,6086,,,,
0.0005000000237487257,20,6087,,,,
0.0005000000237487257,20,6088,,,,
0.0005000000237487257,20,6089,,,,
0.0005000000237487257,20,6090,,,,
0.0005000000237487257,20,6091,,,,
0.0005000000237487257,20,6092,,,,
0.0005000000237487257,20,6093,,,,
0.0005000000237487257,20,6094,,,,
0.0005000000237487257,20,6095,,,,
0.0005000000237487257,20,6096,,,,
0.0005000000237487257,20,6097,,,,
0.0005000000237487257,20,6098,,,,
0.0005000000237487257,20,6099,,,,
0.0005000000237487257,20,6100,,,,
0.0005000000237487257,20,6101,,,,
0.0005000000237487257,20,6102,,,,
0.0005000000237487257,20,6103,,,,
0.0005000000237487257,20,6104,,,,
0.0005000000237487257,20,6105,,,,
0.0005000000237487257,20,6106,,,,
0.0005000000237487257,20,6107,,,,
0.0005000000237487257,20,6108,,,,
0.0005000000237487257,20,6109,,,,
0.0005000000237487257,20,6110,,,,
0.0005000000237487257,20,6111,,,,
0.0005000000237487257,20,6112,,,,
0.0005000000237487257,20,6113,,,,
0.0005000000237487257,20,6114,,,,
0.0005000000237487257,20,6115,,,,
0.0005000000237487257,20,6116,,,,
0.0005000000237487257,20,6117,,,,
0.0005000000237487257,20,6118,,,,
0.0005000000237487257,20,6119,,,,
0.0005000000237487257,20,6120,,,,
0.0005000000237487257,20,6121,,,,
0.0005000000237487257,20,6122,,,,
0.0005000000237487257,20,6123,,,,
0.0005000000237487257,20,6124,,,,
0.0005000000237487257,20,6125,,,,
0.0005000000237487257,20,6126,,,,
0.0005000000237487257,20,6127,,,,
0.0005000000237487257,20,6128,,,,
0.0005000000237487257,20,6129,,,,
0.0005000000237487257,20,6130,,,,
0.0005000000237487257,20,6131,,,,
0.0005000000237487257,20,6132,,,,
0.0005000000237487257,20,6133,,,,
0.0005000000237487257,20,6134,,,,
0.0005000000237487257,20,6135,,,,
0.0005000000237487257,20,6136,,,,
0.0005000000237487257,20,6137,,,,
0.0005000000237487257,20,6138,,,,
0.0005000000237487257,20,6139,,,,
0.0005000000237487257,20,6140,,,,
0.0005000000237487257,20,6141,,,,
0.0005000000237487257,20,6142,,,,
0.0005000000237487257,20,6143,,,,
0.0005000000237487257,20,6144,,,,
0.0005000000237487257,20,6145,,,,
0.0005000000237487257,20,6146,,,,
0.0005000000237487257,20,6147,,,,
0.0005000000237487257,20,6148,,,,
0.0005000000237487257,20,6149,,,,
0.0005000000237487257,20,6150,,,,
0.0005000000237487257,20,6151,,,,
0.0005000000237487257,20,6152,,,,
0.0005000000237487257,20,6153,,,,
0.0005000000237487257,20,6154,,,,
0.0005000000237487257,20,6155,,,,
0.0005000000237487257,20,6156,,,,
0.0005000000237487257,20,6157,,,,
0.0005000000237487257,20,6158,,,,
0.0005000000237487257,20,6159,,,,
0.0005000000237487257,20,6160,,,,
0.0005000000237487257,20,6161,,,,
0.0005000000237487257,20,6162,,,,
0.0005000000237487257,20,6163,,,,
0.0005000000237487257,20,6164,,,,
0.0005000000237487257,20,6165,,,,
0.0005000000237487257,20,6166,,,,
0.0005000000237487257,20,6167,,,,
0.0005000000237487257,20,6168,,,,
0.0005000000237487257,20,6169,,,,
0.0005000000237487257,20,6170,,,,
0.0005000000237487257,20,6171,,,,
0.0005000000237487257,20,6172,,,,
0.0005000000237487257,20,6173,,,,
0.0005000000237487257,20,6174,,,,
0.0005000000237487257,20,6175,,,,
0.0005000000237487257,20,6176,,,,
0.0005000000237487257,20,6177,,,,
0.0005000000237487257,20,6178,,,,
0.0005000000237487257,20,6179,,,,
0.0005000000237487257,20,6180,,,,
0.0005000000237487257,20,6181,,,,
0.0005000000237487257,20,6182,,,,
0.0005000000237487257,20,6183,,,,
0.0005000000237487257,20,6184,,,,
0.0005000000237487257,20,6185,,,,
0.0005000000237487257,20,6186,,,,
0.0005000000237487257,20,6187,,,,
0.0005000000237487257,20,6188,,,,
0.0005000000237487257,20,6189,,,,
0.0005000000237487257,20,6190,,,,
0.0005000000237487257,20,6191,,,,
0.0005000000237487257,20,6192,,,,
0.0005000000237487257,20,6193,,,,
0.0005000000237487257,20,6194,,,,
0.0005000000237487257,20,6195,,,,
0.0005000000237487257,20,6196,,,,
0.0005000000237487257,20,6197,,,,
0.0005000000237487257,20,6198,,,,
0.0005000000237487257,20,6199,,,,
0.0005000000237487257,20,6200,,,,
0.0005000000237487257,20,6201,,,,
0.0005000000237487257,20,6202,,,,
0.0005000000237487257,20,6203,,,,
0.0005000000237487257,20,6204,,,,
0.0005000000237487257,20,6205,,,,
0.0005000000237487257,20,6206,,,,
0.0005000000237487257,20,6207,,,,
0.0005000000237487257,20,6208,,,,
0.0005000000237487257,20,6209,,,,
0.0005000000237487257,20,6210,,,,
0.0005000000237487257,20,6211,,,,
0.0005000000237487257,20,6212,,,,
0.0005000000237487257,20,6213,,,,
0.0005000000237487257,20,6214,,,,
0.0005000000237487257,20,6215,,,,
0.0005000000237487257,20,6216,,,,
0.0005000000237487257,20,6217,,,,
0.0005000000237487257,20,6218,,,,
0.0005000000237487257,20,6219,,,,
0.0005000000237487257,20,6220,,,,
0.0005000000237487257,20,6221,,,,
0.0005000000237487257,20,6222,,,,
0.0005000000237487257,20,6223,,,,
0.0005000000237487257,20,6224,,,,
0.0005000000237487257,20,6225,,,,
0.0005000000237487257,20,6226,,,,
0.0005000000237487257,20,6227,,,,
0.0005000000237487257,20,6228,,,,
0.0005000000237487257,20,6229,,,,
0.0005000000237487257,20,6230,,,,
0.0005000000237487257,20,6231,,,,
0.0005000000237487257,20,6232,,,,
0.0005000000237487257,20,6233,,,,
0.0005000000237487257,20,6234,,,,
0.0005000000237487257,20,6235,,,,
0.0005000000237487257,20,6236,,,,
0.0005000000237487257,20,6237,,,,
0.0005000000237487257,20,6238,,,,
0.0005000000237487257,20,6239,,,,
0.0005000000237487257,20,6240,,,,
0.0005000000237487257,20,6241,,,,
0.0005000000237487257,20,6242,,,,
0.0005000000237487257,20,6243,,,,
0.0005000000237487257,20,6244,,,,
0.0005000000237487257,20,6245,,,,
0.0005000000237487257,20,6246,,,,
0.0005000000237487257,20,6247,,,,
0.0005000000237487257,20,6248,,,,
0.0005000000237487257,20,6249,,,,
0.0005000000237487257,20,6250,,,,
0.0005000000237487257,20,6251,,,,
0.0005000000237487257,20,6252,,,,
0.0005000000237487257,20,6253,,,,
0.0005000000237487257,20,6254,,,,
0.0005000000237487257,20,6255,,,,
0.0005000000237487257,20,6256,,,,
0.0005000000237487257,20,6257,,,,
0.0005000000237487257,20,6258,,,,
0.0005000000237487257,20,6259,,,,
0.0005000000237487257,20,6260,,,,
0.0005000000237487257,20,6261,,,,
0.0005000000237487257,20,6262,,,,
0.0005000000237487257,20,6263,,,,
0.0005000000237487257,20,6264,,,,
0.0005000000237487257,20,6265,,,,
0.0005000000237487257,20,6266,,,,
0.0005000000237487257,20,6267,,,,
0.0005000000237487257,20,6268,,,,
0.0005000000237487257,20,6269,,,,
0.0005000000237487257,20,6270,,,,
0.0005000000237487257,20,6271,,,,
0.0005000000237487257,20,6272,,,,
0.0005000000237487257,20,6273,,,,
0.0005000000237487257,20,6274,,,,
0.0005000000237487257,20,6275,,,,
0.0005000000237487257,20,6276,,,,
0.0005000000237487257,20,6277,,,,
0.0005000000237487257,20,6278,,,,
0.0005000000237487257,20,6279,,,,
0.0005000000237487257,20,6280,,,,
0.0005000000237487257,20,6281,,,,
0.0005000000237487257,20,6282,,,,
0.0005000000237487257,20,6283,,,,
0.0005000000237487257,20,6284,,,,
0.0005000000237487257,20,6285,,,,
0.0005000000237487257,20,6286,,,,
0.0005000000237487257,20,6287,,,,
0.0005000000237487257,20,6288,,,,
0.0005000000237487257,20,6289,,,,
0.0005000000237487257,20,6290,,,,
0.0005000000237487257,20,6291,,,,
0.0005000000237487257,20,6292,,,,
0.0005000000237487257,20,6293,,,,
0.0005000000237487257,20,6294,,,,
0.0005000000237487257,20,6295,,,,
0.0005000000237487257,20,6296,,,,
0.0005000000237487257,20,6297,,,,
0.0005000000237487257,20,6298,,,,
0.0005000000237487257,20,6299,,,,
0.0005000000237487257,20,6300,,,,
0.0005000000237487257,20,6301,,,,
0.0005000000237487257,20,6302,,,,
0.0005000000237487257,20,6303,,,,
0.0005000000237487257,20,6304,,,,
0.0005000000237487257,20,6305,,,,
0.0005000000237487257,20,6306,,,,
0.0005000000237487257,20,6307,,,,
0.0005000000237487257,20,6308,,,,
0.0005000000237487257,20,6309,,,,
0.0005000000237487257,20,6310,,,,
0.0005000000237487257,20,6311,,,,
0.0005000000237487257,20,6312,,,,
0.0005000000237487257,20,6313,,,,
0.0005000000237487257,20,6314,,,,
0.0005000000237487257,20,6315,,,,
0.0005000000237487257,20,6316,,,,
0.0005000000237487257,20,6317,,,,
0.0005000000237487257,20,6318,,,,
0.0005000000237487257,20,6319,,,,
0.0005000000237487257,20,6320,,,,
0.0005000000237487257,20,6321,,,,
0.0005000000237487257,20,6322,,,,
0.0005000000237487257,20,6323,,,,
0.0005000000237487257,20,6324,,,,
0.0005000000237487257,20,6325,,,,
0.0005000000237487257,20,6326,,,,
0.0005000000237487257,20,6327,,,,
0.0005000000237487257,20,6328,,,,
0.0005000000237487257,20,6329,,,,
0.0005000000237487257,20,6330,,,,
0.0005000000237487257,20,6331,,,,
0.0005000000237487257,20,6332,,,,
0.0005000000237487257,20,6333,,,,
0.0005000000237487257,20,6334,,,,
0.0005000000237487257,20,6335,,,,
0.0005000000237487257,20,6336,,,,
0.0005000000237487257,20,6337,,,,
0.0005000000237487257,20,6338,,,,
0.0005000000237487257,20,6339,,,,
0.0005000000237487257,20,6340,,,,
0.0005000000237487257,20,6341,,,,
,20,6341,0.3942490220069885,0.6105263829231262,,
,20,6341,,,0.4197356402873993,0.23306316137313843
0.0005000000237487257,21,6342,,,,
0.0005000000237487257,21,6343,,,,
0.0005000000237487257,21,6344,,,,
0.0005000000237487257,21,6345,,,,
0.0005000000237487257,21,6346,,,,
0.0005000000237487257,21,6347,,,,
0.0005000000237487257,21,6348,,,,
0.0005000000237487257,21,6349,,,,
0.0005000000237487257,21,6350,,,,
0.0005000000237487257,21,6351,,,,
0.0005000000237487257,21,6352,,,,
0.0005000000237487257,21,6353,,,,
0.0005000000237487257,21,6354,,,,
0.0005000000237487257,21,6355,,,,
0.0005000000237487257,21,6356,,,,
0.0005000000237487257,21,6357,,,,
0.0005000000237487257,21,6358,,,,
0.0005000000237487257,21,6359,,,,
0.0005000000237487257,21,6360,,,,
0.0005000000237487257,21,6361,,,,
0.0005000000237487257,21,6362,,,,
0.0005000000237487257,21,6363,,,,
0.0005000000237487257,21,6364,,,,
0.0005000000237487257,21,6365,,,,
0.0005000000237487257,21,6366,,,,
0.0005000000237487257,21,6367,,,,
0.0005000000237487257,21,6368,,,,
0.0005000000237487257,21,6369,,,,
0.0005000000237487257,21,6370,,,,
0.0005000000237487257,21,6371,,,,
0.0005000000237487257,21,6372,,,,
0.0005000000237487257,21,6373,,,,
0.0005000000237487257,21,6374,,,,
0.0005000000237487257,21,6375,,,,
0.0005000000237487257,21,6376,,,,
0.0005000000237487257,21,6377,,,,
0.0005000000237487257,21,6378,,,,
0.0005000000237487257,21,6379,,,,
0.0005000000237487257,21,6380,,,,
0.0005000000237487257,21,6381,,,,
0.0005000000237487257,21,6382,,,,
0.0005000000237487257,21,6383,,,,
0.0005000000237487257,21,6384,,,,
0.0005000000237487257,21,6385,,,,
0.0005000000237487257,21,6386,,,,
0.0005000000237487257,21,6387,,,,
0.0005000000237487257,21,6388,,,,
0.0005000000237487257,21,6389,,,,
0.0005000000237487257,21,6390,,,,
0.0005000000237487257,21,6391,,,,
0.0005000000237487257,21,6392,,,,
0.0005000000237487257,21,6393,,,,
0.0005000000237487257,21,6394,,,,
0.0005000000237487257,21,6395,,,,
0.0005000000237487257,21,6396,,,,
0.0005000000237487257,21,6397,,,,
0.0005000000237487257,21,6398,,,,
0.0005000000237487257,21,6399,,,,
0.0005000000237487257,21,6400,,,,
0.0005000000237487257,21,6401,,,,
0.0005000000237487257,21,6402,,,,
0.0005000000237487257,21,6403,,,,
0.0005000000237487257,21,6404,,,,
0.0005000000237487257,21,6405,,,,
0.0005000000237487257,21,6406,,,,
0.0005000000237487257,21,6407,,,,
0.0005000000237487257,21,6408,,,,
0.0005000000237487257,21,6409,,,,
0.0005000000237487257,21,6410,,,,
0.0005000000237487257,21,6411,,,,
0.0005000000237487257,21,6412,,,,
0.0005000000237487257,21,6413,,,,
0.0005000000237487257,21,6414,,,,
0.0005000000237487257,21,6415,,,,
0.0005000000237487257,21,6416,,,,
0.0005000000237487257,21,6417,,,,
0.0005000000237487257,21,6418,,,,
0.0005000000237487257,21,6419,,,,
0.0005000000237487257,21,6420,,,,
0.0005000000237487257,21,6421,,,,
0.0005000000237487257,21,6422,,,,
0.0005000000237487257,21,6423,,,,
0.0005000000237487257,21,6424,,,,
0.0005000000237487257,21,6425,,,,
0.0005000000237487257,21,6426,,,,
0.0005000000237487257,21,6427,,,,
0.0005000000237487257,21,6428,,,,
0.0005000000237487257,21,6429,,,,
0.0005000000237487257,21,6430,,,,
0.0005000000237487257,21,6431,,,,
0.0005000000237487257,21,6432,,,,
0.0005000000237487257,21,6433,,,,
0.0005000000237487257,21,6434,,,,
0.0005000000237487257,21,6435,,,,
0.0005000000237487257,21,6436,,,,
0.0005000000237487257,21,6437,,,,
0.0005000000237487257,21,6438,,,,
0.0005000000237487257,21,6439,,,,
0.0005000000237487257,21,6440,,,,
0.0005000000237487257,21,6441,,,,
0.0005000000237487257,21,6442,,,,
0.0005000000237487257,21,6443,,,,
0.0005000000237487257,21,6444,,,,
0.0005000000237487257,21,6445,,,,
0.0005000000237487257,21,6446,,,,
0.0005000000237487257,21,6447,,,,
0.0005000000237487257,21,6448,,,,
0.0005000000237487257,21,6449,,,,
0.0005000000237487257,21,6450,,,,
0.0005000000237487257,21,6451,,,,
0.0005000000237487257,21,6452,,,,
0.0005000000237487257,21,6453,,,,
0.0005000000237487257,21,6454,,,,
0.0005000000237487257,21,6455,,,,
0.0005000000237487257,21,6456,,,,
0.0005000000237487257,21,6457,,,,
0.0005000000237487257,21,6458,,,,
0.0005000000237487257,21,6459,,,,
0.0005000000237487257,21,6460,,,,
0.0005000000237487257,21,6461,,,,
0.0005000000237487257,21,6462,,,,
0.0005000000237487257,21,6463,,,,
0.0005000000237487257,21,6464,,,,
0.0005000000237487257,21,6465,,,,
0.0005000000237487257,21,6466,,,,
0.0005000000237487257,21,6467,,,,
0.0005000000237487257,21,6468,,,,
0.0005000000237487257,21,6469,,,,
0.0005000000237487257,21,6470,,,,
0.0005000000237487257,21,6471,,,,
0.0005000000237487257,21,6472,,,,
0.0005000000237487257,21,6473,,,,
0.0005000000237487257,21,6474,,,,
0.0005000000237487257,21,6475,,,,
0.0005000000237487257,21,6476,,,,
0.0005000000237487257,21,6477,,,,
0.0005000000237487257,21,6478,,,,
0.0005000000237487257,21,6479,,,,
0.0005000000237487257,21,6480,,,,
0.0005000000237487257,21,6481,,,,
0.0005000000237487257,21,6482,,,,
0.0005000000237487257,21,6483,,,,
0.0005000000237487257,21,6484,,,,
0.0005000000237487257,21,6485,,,,
0.0005000000237487257,21,6486,,,,
0.0005000000237487257,21,6487,,,,
0.0005000000237487257,21,6488,,,,
0.0005000000237487257,21,6489,,,,
0.0005000000237487257,21,6490,,,,
0.0005000000237487257,21,6491,,,,
0.0005000000237487257,21,6492,,,,
0.0005000000237487257,21,6493,,,,
0.0005000000237487257,21,6494,,,,
0.0005000000237487257,21,6495,,,,
0.0005000000237487257,21,6496,,,,
0.0005000000237487257,21,6497,,,,
0.0005000000237487257,21,6498,,,,
0.0005000000237487257,21,6499,,,,
0.0005000000237487257,21,6500,,,,
0.0005000000237487257,21,6501,,,,
0.0005000000237487257,21,6502,,,,
0.0005000000237487257,21,6503,,,,
0.0005000000237487257,21,6504,,,,
0.0005000000237487257,21,6505,,,,
0.0005000000237487257,21,6506,,,,
0.0005000000237487257,21,6507,,,,
0.0005000000237487257,21,6508,,,,
0.0005000000237487257,21,6509,,,,
0.0005000000237487257,21,6510,,,,
0.0005000000237487257,21,6511,,,,
0.0005000000237487257,21,6512,,,,
0.0005000000237487257,21,6513,,,,
0.0005000000237487257,21,6514,,,,
0.0005000000237487257,21,6515,,,,
0.0005000000237487257,21,6516,,,,
0.0005000000237487257,21,6517,,,,
0.0005000000237487257,21,6518,,,,
0.0005000000237487257,21,6519,,,,
0.0005000000237487257,21,6520,,,,
0.0005000000237487257,21,6521,,,,
0.0005000000237487257,21,6522,,,,
0.0005000000237487257,21,6523,,,,
0.0005000000237487257,21,6524,,,,
0.0005000000237487257,21,6525,,,,
0.0005000000237487257,21,6526,,,,
0.0005000000237487257,21,6527,,,,
0.0005000000237487257,21,6528,,,,
0.0005000000237487257,21,6529,,,,
0.0005000000237487257,21,6530,,,,
0.0005000000237487257,21,6531,,,,
0.0005000000237487257,21,6532,,,,
0.0005000000237487257,21,6533,,,,
0.0005000000237487257,21,6534,,,,
0.0005000000237487257,21,6535,,,,
0.0005000000237487257,21,6536,,,,
0.0005000000237487257,21,6537,,,,
0.0005000000237487257,21,6538,,,,
0.0005000000237487257,21,6539,,,,
0.0005000000237487257,21,6540,,,,
0.0005000000237487257,21,6541,,,,
0.0005000000237487257,21,6542,,,,
0.0005000000237487257,21,6543,,,,
0.0005000000237487257,21,6544,,,,
0.0005000000237487257,21,6545,,,,
0.0005000000237487257,21,6546,,,,
0.0005000000237487257,21,6547,,,,
0.0005000000237487257,21,6548,,,,
0.0005000000237487257,21,6549,,,,
0.0005000000237487257,21,6550,,,,
0.0005000000237487257,21,6551,,,,
0.0005000000237487257,21,6552,,,,
0.0005000000237487257,21,6553,,,,
0.0005000000237487257,21,6554,,,,
0.0005000000237487257,21,6555,,,,
0.0005000000237487257,21,6556,,,,
0.0005000000237487257,21,6557,,,,
0.0005000000237487257,21,6558,,,,
0.0005000000237487257,21,6559,,,,
0.0005000000237487257,21,6560,,,,
0.0005000000237487257,21,6561,,,,
0.0005000000237487257,21,6562,,,,
0.0005000000237487257,21,6563,,,,
0.0005000000237487257,21,6564,,,,
0.0005000000237487257,21,6565,,,,
0.0005000000237487257,21,6566,,,,
0.0005000000237487257,21,6567,,,,
0.0005000000237487257,21,6568,,,,
0.0005000000237487257,21,6569,,,,
0.0005000000237487257,21,6570,,,,
0.0005000000237487257,21,6571,,,,
0.0005000000237487257,21,6572,,,,
0.0005000000237487257,21,6573,,,,
0.0005000000237487257,21,6574,,,,
0.0005000000237487257,21,6575,,,,
0.0005000000237487257,21,6576,,,,
0.0005000000237487257,21,6577,,,,
0.0005000000237487257,21,6578,,,,
0.0005000000237487257,21,6579,,,,
0.0005000000237487257,21,6580,,,,
0.0005000000237487257,21,6581,,,,
0.0005000000237487257,21,6582,,,,
0.0005000000237487257,21,6583,,,,
0.0005000000237487257,21,6584,,,,
0.0005000000237487257,21,6585,,,,
0.0005000000237487257,21,6586,,,,
0.0005000000237487257,21,6587,,,,
0.0005000000237487257,21,6588,,,,
0.0005000000237487257,21,6589,,,,
0.0005000000237487257,21,6590,,,,
0.0005000000237487257,21,6591,,,,
0.0005000000237487257,21,6592,,,,
0.0005000000237487257,21,6593,,,,
0.0005000000237487257,21,6594,,,,
0.0005000000237487257,21,6595,,,,
0.0005000000237487257,21,6596,,,,
0.0005000000237487257,21,6597,,,,
0.0005000000237487257,21,6598,,,,
0.0005000000237487257,21,6599,,,,
0.0005000000237487257,21,6600,,,,
0.0005000000237487257,21,6601,,,,
0.0005000000237487257,21,6602,,,,
0.0005000000237487257,21,6603,,,,
0.0005000000237487257,21,6604,,,,
0.0005000000237487257,21,6605,,,,
0.0005000000237487257,21,6606,,,,
0.0005000000237487257,21,6607,,,,
0.0005000000237487257,21,6608,,,,
0.0005000000237487257,21,6609,,,,
0.0005000000237487257,21,6610,,,,
0.0005000000237487257,21,6611,,,,
0.0005000000237487257,21,6612,,,,
0.0005000000237487257,21,6613,,,,
0.0005000000237487257,21,6614,,,,
0.0005000000237487257,21,6615,,,,
0.0005000000237487257,21,6616,,,,
0.0005000000237487257,21,6617,,,,
0.0005000000237487257,21,6618,,,,
0.0005000000237487257,21,6619,,,,
0.0005000000237487257,21,6620,,,,
0.0005000000237487257,21,6621,,,,
0.0005000000237487257,21,6622,,,,
0.0005000000237487257,21,6623,,,,
0.0005000000237487257,21,6624,,,,
0.0005000000237487257,21,6625,,,,
0.0005000000237487257,21,6626,,,,
0.0005000000237487257,21,6627,,,,
0.0005000000237487257,21,6628,,,,
0.0005000000237487257,21,6629,,,,
0.0005000000237487257,21,6630,,,,
0.0005000000237487257,21,6631,,,,
0.0005000000237487257,21,6632,,,,
0.0005000000237487257,21,6633,,,,
0.0005000000237487257,21,6634,,,,
0.0005000000237487257,21,6635,,,,
0.0005000000237487257,21,6636,,,,
0.0005000000237487257,21,6637,,,,
0.0005000000237487257,21,6638,,,,
0.0005000000237487257,21,6639,,,,
0.0005000000237487257,21,6640,,,,
0.0005000000237487257,21,6641,,,,
0.0005000000237487257,21,6642,,,,
0.0005000000237487257,21,6643,,,,
,21,6643,0.4023101031780243,0.6029157042503357,,
,21,6643,,,0.4194127321243286,0.23075029253959656
0.0005000000237487257,22,6644,,,,
0.0005000000237487257,22,6645,,,,
0.0005000000237487257,22,6646,,,,
0.0005000000237487257,22,6647,,,,
0.0005000000237487257,22,6648,,,,
0.0005000000237487257,22,6649,,,,
0.0005000000237487257,22,6650,,,,
0.0005000000237487257,22,6651,,,,
0.0005000000237487257,22,6652,,,,
0.0005000000237487257,22,6653,,,,
0.0005000000237487257,22,6654,,,,
0.0005000000237487257,22,6655,,,,
0.0005000000237487257,22,6656,,,,
0.0005000000237487257,22,6657,,,,
0.0005000000237487257,22,6658,,,,
0.0005000000237487257,22,6659,,,,
0.0005000000237487257,22,6660,,,,
0.0005000000237487257,22,6661,,,,
0.0005000000237487257,22,6662,,,,
0.0005000000237487257,22,6663,,,,
0.0005000000237487257,22,6664,,,,
0.0005000000237487257,22,6665,,,,
0.0005000000237487257,22,6666,,,,
0.0005000000237487257,22,6667,,,,
0.0005000000237487257,22,6668,,,,
0.0005000000237487257,22,6669,,,,
0.0005000000237487257,22,6670,,,,
0.0005000000237487257,22,6671,,,,
0.0005000000237487257,22,6672,,,,
0.0005000000237487257,22,6673,,,,
0.0005000000237487257,22,6674,,,,
0.0005000000237487257,22,6675,,,,
0.0005000000237487257,22,6676,,,,
0.0005000000237487257,22,6677,,,,
0.0005000000237487257,22,6678,,,,
0.0005000000237487257,22,6679,,,,
0.0005000000237487257,22,6680,,,,
0.0005000000237487257,22,6681,,,,
0.0005000000237487257,22,6682,,,,
0.0005000000237487257,22,6683,,,,
0.0005000000237487257,22,6684,,,,
0.0005000000237487257,22,6685,,,,
0.0005000000237487257,22,6686,,,,
0.0005000000237487257,22,6687,,,,
0.0005000000237487257,22,6688,,,,
0.0005000000237487257,22,6689,,,,
0.0005000000237487257,22,6690,,,,
0.0005000000237487257,22,6691,,,,
0.0005000000237487257,22,6692,,,,
0.0005000000237487257,22,6693,,,,
0.0005000000237487257,22,6694,,,,
0.0005000000237487257,22,6695,,,,
0.0005000000237487257,22,6696,,,,
0.0005000000237487257,22,6697,,,,
0.0005000000237487257,22,6698,,,,
0.0005000000237487257,22,6699,,,,
0.0005000000237487257,22,6700,,,,
0.0005000000237487257,22,6701,,,,
0.0005000000237487257,22,6702,,,,
0.0005000000237487257,22,6703,,,,
0.0005000000237487257,22,6704,,,,
0.0005000000237487257,22,6705,,,,
0.0005000000237487257,22,6706,,,,
0.0005000000237487257,22,6707,,,,
0.0005000000237487257,22,6708,,,,
0.0005000000237487257,22,6709,,,,
0.0005000000237487257,22,6710,,,,
0.0005000000237487257,22,6711,,,,
0.0005000000237487257,22,6712,,,,
0.0005000000237487257,22,6713,,,,
0.0005000000237487257,22,6714,,,,
0.0005000000237487257,22,6715,,,,
0.0005000000237487257,22,6716,,,,
0.0005000000237487257,22,6717,,,,
0.0005000000237487257,22,6718,,,,
0.0005000000237487257,22,6719,,,,
0.0005000000237487257,22,6720,,,,
0.0005000000237487257,22,6721,,,,
0.0005000000237487257,22,6722,,,,
0.0005000000237487257,22,6723,,,,
0.0005000000237487257,22,6724,,,,
0.0005000000237487257,22,6725,,,,
0.0005000000237487257,22,6726,,,,
0.0005000000237487257,22,6727,,,,
0.0005000000237487257,22,6728,,,,
0.0005000000237487257,22,6729,,,,
0.0005000000237487257,22,6730,,,,
0.0005000000237487257,22,6731,,,,
0.0005000000237487257,22,6732,,,,
0.0005000000237487257,22,6733,,,,
0.0005000000237487257,22,6734,,,,
0.0005000000237487257,22,6735,,,,
0.0005000000237487257,22,6736,,,,
0.0005000000237487257,22,6737,,,,
0.0005000000237487257,22,6738,,,,
0.0005000000237487257,22,6739,,,,
0.0005000000237487257,22,6740,,,,
0.0005000000237487257,22,6741,,,,
0.0005000000237487257,22,6742,,,,
0.0005000000237487257,22,6743,,,,
0.0005000000237487257,22,6744,,,,
0.0005000000237487257,22,6745,,,,
0.0005000000237487257,22,6746,,,,
0.0005000000237487257,22,6747,,,,
0.0005000000237487257,22,6748,,,,
0.0005000000237487257,22,6749,,,,
0.0005000000237487257,22,6750,,,,
0.0005000000237487257,22,6751,,,,
0.0005000000237487257,22,6752,,,,
0.0005000000237487257,22,6753,,,,
0.0005000000237487257,22,6754,,,,
0.0005000000237487257,22,6755,,,,
0.0005000000237487257,22,6756,,,,
0.0005000000237487257,22,6757,,,,
0.0005000000237487257,22,6758,,,,
0.0005000000237487257,22,6759,,,,
0.0005000000237487257,22,6760,,,,
0.0005000000237487257,22,6761,,,,
0.0005000000237487257,22,6762,,,,
0.0005000000237487257,22,6763,,,,
0.0005000000237487257,22,6764,,,,
0.0005000000237487257,22,6765,,,,
0.0005000000237487257,22,6766,,,,
0.0005000000237487257,22,6767,,,,
0.0005000000237487257,22,6768,,,,
0.0005000000237487257,22,6769,,,,
0.0005000000237487257,22,6770,,,,
0.0005000000237487257,22,6771,,,,
0.0005000000237487257,22,6772,,,,
0.0005000000237487257,22,6773,,,,
0.0005000000237487257,22,6774,,,,
0.0005000000237487257,22,6775,,,,
0.0005000000237487257,22,6776,,,,
0.0005000000237487257,22,6777,,,,
0.0005000000237487257,22,6778,,,,
0.0005000000237487257,22,6779,,,,
0.0005000000237487257,22,6780,,,,
0.0005000000237487257,22,6781,,,,
0.0005000000237487257,22,6782,,,,
0.0005000000237487257,22,6783,,,,
0.0005000000237487257,22,6784,,,,
0.0005000000237487257,22,6785,,,,
0.0005000000237487257,22,6786,,,,
0.0005000000237487257,22,6787,,,,
0.0005000000237487257,22,6788,,,,
0.0005000000237487257,22,6789,,,,
0.0005000000237487257,22,6790,,,,
0.0005000000237487257,22,6791,,,,
0.0005000000237487257,22,6792,,,,
0.0005000000237487257,22,6793,,,,
0.0005000000237487257,22,6794,,,,
0.0005000000237487257,22,6795,,,,
0.0005000000237487257,22,6796,,,,
0.0005000000237487257,22,6797,,,,
0.0005000000237487257,22,6798,,,,
0.0005000000237487257,22,6799,,,,
0.0005000000237487257,22,6800,,,,
0.0005000000237487257,22,6801,,,,
0.0005000000237487257,22,6802,,,,
0.0005000000237487257,22,6803,,,,
0.0005000000237487257,22,6804,,,,
0.0005000000237487257,22,6805,,,,
0.0005000000237487257,22,6806,,,,
0.0005000000237487257,22,6807,,,,
0.0005000000237487257,22,6808,,,,
0.0005000000237487257,22,6809,,,,
0.0005000000237487257,22,6810,,,,
0.0005000000237487257,22,6811,,,,
0.0005000000237487257,22,6812,,,,
0.0005000000237487257,22,6813,,,,
0.0005000000237487257,22,6814,,,,
0.0005000000237487257,22,6815,,,,
0.0005000000237487257,22,6816,,,,
0.0005000000237487257,22,6817,,,,
0.0005000000237487257,22,6818,,,,
0.0005000000237487257,22,6819,,,,
0.0005000000237487257,22,6820,,,,
0.0005000000237487257,22,6821,,,,
0.0005000000237487257,22,6822,,,,
0.0005000000237487257,22,6823,,,,
0.0005000000237487257,22,6824,,,,
0.0005000000237487257,22,6825,,,,
0.0005000000237487257,22,6826,,,,
0.0005000000237487257,22,6827,,,,
0.0005000000237487257,22,6828,,,,
0.0005000000237487257,22,6829,,,,
0.0005000000237487257,22,6830,,,,
0.0005000000237487257,22,6831,,,,
0.0005000000237487257,22,6832,,,,
0.0005000000237487257,22,6833,,,,
0.0005000000237487257,22,6834,,,,
0.0005000000237487257,22,6835,,,,
0.0005000000237487257,22,6836,,,,
0.0005000000237487257,22,6837,,,,
0.0005000000237487257,22,6838,,,,
0.0005000000237487257,22,6839,,,,
0.0005000000237487257,22,6840,,,,
0.0005000000237487257,22,6841,,,,
0.0005000000237487257,22,6842,,,,
0.0005000000237487257,22,6843,,,,
0.0005000000237487257,22,6844,,,,
0.0005000000237487257,22,6845,,,,
0.0005000000237487257,22,6846,,,,
0.0005000000237487257,22,6847,,,,
0.0005000000237487257,22,6848,,,,
0.0005000000237487257,22,6849,,,,
0.0005000000237487257,22,6850,,,,
0.0005000000237487257,22,6851,,,,
0.0005000000237487257,22,6852,,,,
0.0005000000237487257,22,6853,,,,
0.0005000000237487257,22,6854,,,,
0.0005000000237487257,22,6855,,,,
0.0005000000237487257,22,6856,,,,
0.0005000000237487257,22,6857,,,,
0.0005000000237487257,22,6858,,,,
0.0005000000237487257,22,6859,,,,
0.0005000000237487257,22,6860,,,,
0.0005000000237487257,22,6861,,,,
0.0005000000237487257,22,6862,,,,
0.0005000000237487257,22,6863,,,,
0.0005000000237487257,22,6864,,,,
0.0005000000237487257,22,6865,,,,
0.0005000000237487257,22,6866,,,,
0.0005000000237487257,22,6867,,,,
0.0005000000237487257,22,6868,,,,
0.0005000000237487257,22,6869,,,,
0.0005000000237487257,22,6870,,,,
0.0005000000237487257,22,6871,,,,
0.0005000000237487257,22,6872,,,,
0.0005000000237487257,22,6873,,,,
0.0005000000237487257,22,6874,,,,
0.0005000000237487257,22,6875,,,,
0.0005000000237487257,22,6876,,,,
0.0005000000237487257,22,6877,,,,
0.0005000000237487257,22,6878,,,,
0.0005000000237487257,22,6879,,,,
0.0005000000237487257,22,6880,,,,
0.0005000000237487257,22,6881,,,,
0.0005000000237487257,22,6882,,,,
0.0005000000237487257,22,6883,,,,
0.0005000000237487257,22,6884,,,,
0.0005000000237487257,22,6885,,,,
0.0005000000237487257,22,6886,,,,
0.0005000000237487257,22,6887,,,,
0.0005000000237487257,22,6888,,,,
0.0005000000237487257,22,6889,,,,
0.0005000000237487257,22,6890,,,,
0.0005000000237487257,22,6891,,,,
0.0005000000237487257,22,6892,,,,
0.0005000000237487257,22,6893,,,,
0.0005000000237487257,22,6894,,,,
0.0005000000237487257,22,6895,,,,
0.0005000000237487257,22,6896,,,,
0.0005000000237487257,22,6897,,,,
0.0005000000237487257,22,6898,,,,
0.0005000000237487257,22,6899,,,,
0.0005000000237487257,22,6900,,,,
0.0005000000237487257,22,6901,,,,
0.0005000000237487257,22,6902,,,,
0.0005000000237487257,22,6903,,,,
0.0005000000237487257,22,6904,,,,
0.0005000000237487257,22,6905,,,,
0.0005000000237487257,22,6906,,,,
0.0005000000237487257,22,6907,,,,
0.0005000000237487257,22,6908,,,,
0.0005000000237487257,22,6909,,,,
0.0005000000237487257,22,6910,,,,
0.0005000000237487257,22,6911,,,,
0.0005000000237487257,22,6912,,,,
0.0005000000237487257,22,6913,,,,
0.0005000000237487257,22,6914,,,,
0.0005000000237487257,22,6915,,,,
0.0005000000237487257,22,6916,,,,
0.0005000000237487257,22,6917,,,,
0.0005000000237487257,22,6918,,,,
0.0005000000237487257,22,6919,,,,
0.0005000000237487257,22,6920,,,,
0.0005000000237487257,22,6921,,,,
0.0005000000237487257,22,6922,,,,
0.0005000000237487257,22,6923,,,,
0.0005000000237487257,22,6924,,,,
0.0005000000237487257,22,6925,,,,
0.0005000000237487257,22,6926,,,,
0.0005000000237487257,22,6927,,,,
0.0005000000237487257,22,6928,,,,
0.0005000000237487257,22,6929,,,,
0.0005000000237487257,22,6930,,,,
0.0005000000237487257,22,6931,,,,
0.0005000000237487257,22,6932,,,,
0.0005000000237487257,22,6933,,,,
0.0005000000237487257,22,6934,,,,
0.0005000000237487257,22,6935,,,,
0.0005000000237487257,22,6936,,,,
0.0005000000237487257,22,6937,,,,
0.0005000000237487257,22,6938,,,,
0.0005000000237487257,22,6939,,,,
0.0005000000237487257,22,6940,,,,
0.0005000000237487257,22,6941,,,,
0.0005000000237487257,22,6942,,,,
0.0005000000237487257,22,6943,,,,
0.0005000000237487257,22,6944,,,,
0.0005000000237487257,22,6945,,,,
,22,6945,0.4184100329875946,0.585846483707428,,
,22,6945,,,0.41917216777801514,0.22694414854049683
0.0005000000237487257,23,6946,,,,
0.0005000000237487257,23,6947,,,,
0.0005000000237487257,23,6948,,,,
0.0005000000237487257,23,6949,,,,
0.0005000000237487257,23,6950,,,,
0.0005000000237487257,23,6951,,,,
0.0005000000237487257,23,6952,,,,
0.0005000000237487257,23,6953,,,,
0.0005000000237487257,23,6954,,,,
0.0005000000237487257,23,6955,,,,
0.0005000000237487257,23,6956,,,,
0.0005000000237487257,23,6957,,,,
0.0005000000237487257,23,6958,,,,
0.0005000000237487257,23,6959,,,,
0.0005000000237487257,23,6960,,,,
0.0005000000237487257,23,6961,,,,
0.0005000000237487257,23,6962,,,,
0.0005000000237487257,23,6963,,,,
0.0005000000237487257,23,6964,,,,
0.0005000000237487257,23,6965,,,,
0.0005000000237487257,23,6966,,,,
0.0005000000237487257,23,6967,,,,
0.0005000000237487257,23,6968,,,,
0.0005000000237487257,23,6969,,,,
0.0005000000237487257,23,6970,,,,
0.0005000000237487257,23,6971,,,,
0.0005000000237487257,23,6972,,,,
0.0005000000237487257,23,6973,,,,
0.0005000000237487257,23,6974,,,,
0.0005000000237487257,23,6975,,,,
0.0005000000237487257,23,6976,,,,
0.0005000000237487257,23,6977,,,,
0.0005000000237487257,23,6978,,,,
0.0005000000237487257,23,6979,,,,
0.0005000000237487257,23,6980,,,,
0.0005000000237487257,23,6981,,,,
0.0005000000237487257,23,6982,,,,
0.0005000000237487257,23,6983,,,,
0.0005000000237487257,23,6984,,,,
0.0005000000237487257,23,6985,,,,
0.0005000000237487257,23,6986,,,,
0.0005000000237487257,23,6987,,,,
0.0005000000237487257,23,6988,,,,
0.0005000000237487257,23,6989,,,,
0.0005000000237487257,23,6990,,,,
0.0005000000237487257,23,6991,,,,
0.0005000000237487257,23,6992,,,,
0.0005000000237487257,23,6993,,,,
0.0005000000237487257,23,6994,,,,
0.0005000000237487257,23,6995,,,,
0.0005000000237487257,23,6996,,,,
0.0005000000237487257,23,6997,,,,
0.0005000000237487257,23,6998,,,,
0.0005000000237487257,23,6999,,,,
0.0005000000237487257,23,7000,,,,
0.0005000000237487257,23,7001,,,,
0.0005000000237487257,23,7002,,,,
0.0005000000237487257,23,7003,,,,
0.0005000000237487257,23,7004,,,,
0.0005000000237487257,23,7005,,,,
0.0005000000237487257,23,7006,,,,
0.0005000000237487257,23,7007,,,,
0.0005000000237487257,23,7008,,,,
0.0005000000237487257,23,7009,,,,
0.0005000000237487257,23,7010,,,,
0.0005000000237487257,23,7011,,,,
0.0005000000237487257,23,7012,,,,
0.0005000000237487257,23,7013,,,,
0.0005000000237487257,23,7014,,,,
0.0005000000237487257,23,7015,,,,
0.0005000000237487257,23,7016,,,,
0.0005000000237487257,23,7017,,,,
0.0005000000237487257,23,7018,,,,
0.0005000000237487257,23,7019,,,,
0.0005000000237487257,23,7020,,,,
0.0005000000237487257,23,7021,,,,
0.0005000000237487257,23,7022,,,,
0.0005000000237487257,23,7023,,,,
0.0005000000237487257,23,7024,,,,
0.0005000000237487257,23,7025,,,,
0.0005000000237487257,23,7026,,,,
0.0005000000237487257,23,7027,,,,
0.0005000000237487257,23,7028,,,,
0.0005000000237487257,23,7029,,,,
0.0005000000237487257,23,7030,,,,
0.0005000000237487257,23,7031,,,,
0.0005000000237487257,23,7032,,,,
0.0005000000237487257,23,7033,,,,
0.0005000000237487257,23,7034,,,,
0.0005000000237487257,23,7035,,,,
0.0005000000237487257,23,7036,,,,
0.0005000000237487257,23,7037,,,,
0.0005000000237487257,23,7038,,,,
0.0005000000237487257,23,7039,,,,
0.0005000000237487257,23,7040,,,,
0.0005000000237487257,23,7041,,,,
0.0005000000237487257,23,7042,,,,
0.0005000000237487257,23,7043,,,,
0.0005000000237487257,23,7044,,,,
0.0005000000237487257,23,7045,,,,
0.0005000000237487257,23,7046,,,,
0.0005000000237487257,23,7047,,,,
0.0005000000237487257,23,7048,,,,
0.0005000000237487257,23,7049,,,,
0.0005000000237487257,23,7050,,,,
0.0005000000237487257,23,7051,,,,
0.0005000000237487257,23,7052,,,,
0.0005000000237487257,23,7053,,,,
0.0005000000237487257,23,7054,,,,
0.0005000000237487257,23,7055,,,,
0.0005000000237487257,23,7056,,,,
0.0005000000237487257,23,7057,,,,
0.0005000000237487257,23,7058,,,,
0.0005000000237487257,23,7059,,,,
0.0005000000237487257,23,7060,,,,
0.0005000000237487257,23,7061,,,,
0.0005000000237487257,23,7062,,,,
0.0005000000237487257,23,7063,,,,
0.0005000000237487257,23,7064,,,,
0.0005000000237487257,23,7065,,,,
0.0005000000237487257,23,7066,,,,
0.0005000000237487257,23,7067,,,,
0.0005000000237487257,23,7068,,,,
0.0005000000237487257,23,7069,,,,
0.0005000000237487257,23,7070,,,,
0.0005000000237487257,23,7071,,,,
0.0005000000237487257,23,7072,,,,
0.0005000000237487257,23,7073,,,,
0.0005000000237487257,23,7074,,,,
0.0005000000237487257,23,7075,,,,
0.0005000000237487257,23,7076,,,,
0.0005000000237487257,23,7077,,,,
0.0005000000237487257,23,7078,,,,
0.0005000000237487257,23,7079,,,,
0.0005000000237487257,23,7080,,,,
0.0005000000237487257,23,7081,,,,
0.0005000000237487257,23,7082,,,,
0.0005000000237487257,23,7083,,,,
0.0005000000237487257,23,7084,,,,
0.0005000000237487257,23,7085,,,,
0.0005000000237487257,23,7086,,,,
0.0005000000237487257,23,7087,,,,
0.0005000000237487257,23,7088,,,,
0.0005000000237487257,23,7089,,,,
0.0005000000237487257,23,7090,,,,
0.0005000000237487257,23,7091,,,,
0.0005000000237487257,23,7092,,,,
0.0005000000237487257,23,7093,,,,
0.0005000000237487257,23,7094,,,,
0.0005000000237487257,23,7095,,,,
0.0005000000237487257,23,7096,,,,
0.0005000000237487257,23,7097,,,,
0.0005000000237487257,23,7098,,,,
0.0005000000237487257,23,7099,,,,
0.0005000000237487257,23,7100,,,,
0.0005000000237487257,23,7101,,,,
0.0005000000237487257,23,7102,,,,
0.0005000000237487257,23,7103,,,,
0.0005000000237487257,23,7104,,,,
0.0005000000237487257,23,7105,,,,
0.0005000000237487257,23,7106,,,,
0.0005000000237487257,23,7107,,,,
0.0005000000237487257,23,7108,,,,
0.0005000000237487257,23,7109,,,,
0.0005000000237487257,23,7110,,,,
0.0005000000237487257,23,7111,,,,
0.0005000000237487257,23,7112,,,,
0.0005000000237487257,23,7113,,,,
0.0005000000237487257,23,7114,,,,
0.0005000000237487257,23,7115,,,,
0.0005000000237487257,23,7116,,,,
0.0005000000237487257,23,7117,,,,
0.0005000000237487257,23,7118,,,,
0.0005000000237487257,23,7119,,,,
0.0005000000237487257,23,7120,,,,
0.0005000000237487257,23,7121,,,,
0.0005000000237487257,23,7122,,,,
0.0005000000237487257,23,7123,,,,
0.0005000000237487257,23,7124,,,,
0.0005000000237487257,23,7125,,,,
0.0005000000237487257,23,7126,,,,
0.0005000000237487257,23,7127,,,,
0.0005000000237487257,23,7128,,,,
0.0005000000237487257,23,7129,,,,
0.0005000000237487257,23,7130,,,,
0.0005000000237487257,23,7131,,,,
0.0005000000237487257,23,7132,,,,
0.0005000000237487257,23,7133,,,,
0.0005000000237487257,23,7134,,,,
0.0005000000237487257,23,7135,,,,
0.0005000000237487257,23,7136,,,,
0.0005000000237487257,23,7137,,,,
0.0005000000237487257,23,7138,,,,
0.0005000000237487257,23,7139,,,,
0.0005000000237487257,23,7140,,,,
0.0005000000237487257,23,7141,,,,
0.0005000000237487257,23,7142,,,,
0.0005000000237487257,23,7143,,,,
0.0005000000237487257,23,7144,,,,
0.0005000000237487257,23,7145,,,,
0.0005000000237487257,23,7146,,,,
0.0005000000237487257,23,7147,,,,
0.0005000000237487257,23,7148,,,,
0.0005000000237487257,23,7149,,,,
0.0005000000237487257,23,7150,,,,
0.0005000000237487257,23,7151,,,,
0.0005000000237487257,23,7152,,,,
0.0005000000237487257,23,7153,,,,
0.0005000000237487257,23,7154,,,,
0.0005000000237487257,23,7155,,,,
0.0005000000237487257,23,7156,,,,
0.0005000000237487257,23,7157,,,,
0.0005000000237487257,23,7158,,,,
0.0005000000237487257,23,7159,,,,
0.0005000000237487257,23,7160,,,,
0.0005000000237487257,23,7161,,,,
0.0005000000237487257,23,7162,,,,
0.0005000000237487257,23,7163,,,,
0.0005000000237487257,23,7164,,,,
0.0005000000237487257,23,7165,,,,
0.0005000000237487257,23,7166,,,,
0.0005000000237487257,23,7167,,,,
0.0005000000237487257,23,7168,,,,
0.0005000000237487257,23,7169,,,,
0.0005000000237487257,23,7170,,,,
0.0005000000237487257,23,7171,,,,
0.0005000000237487257,23,7172,,,,
0.0005000000237487257,23,7173,,,,
0.0005000000237487257,23,7174,,,,
0.0005000000237487257,23,7175,,,,
0.0005000000237487257,23,7176,,,,
0.0005000000237487257,23,7177,,,,
0.0005000000237487257,23,7178,,,,
0.0005000000237487257,23,7179,,,,
0.0005000000237487257,23,7180,,,,
0.0005000000237487257,23,7181,,,,
0.0005000000237487257,23,7182,,,,
0.0005000000237487257,23,7183,,,,
0.0005000000237487257,23,7184,,,,
0.0005000000237487257,23,7185,,,,
0.0005000000237487257,23,7186,,,,
0.0005000000237487257,23,7187,,,,
0.0005000000237487257,23,7188,,,,
0.0005000000237487257,23,7189,,,,
0.0005000000237487257,23,7190,,,,
0.0005000000237487257,23,7191,,,,
0.0005000000237487257,23,7192,,,,
0.0005000000237487257,23,7193,,,,
0.0005000000237487257,23,7194,,,,
0.0005000000237487257,23,7195,,,,
0.0005000000237487257,23,7196,,,,
0.0005000000237487257,23,7197,,,,
0.0005000000237487257,23,7198,,,,
0.0005000000237487257,23,7199,,,,
0.0005000000237487257,23,7200,,,,
0.0005000000237487257,23,7201,,,,
0.0005000000237487257,23,7202,,,,
0.0005000000237487257,23,7203,,,,
0.0005000000237487257,23,7204,,,,
0.0005000000237487257,23,7205,,,,
0.0005000000237487257,23,7206,,,,
0.0005000000237487257,23,7207,,,,
0.0005000000237487257,23,7208,,,,
0.0005000000237487257,23,7209,,,,
0.0005000000237487257,23,7210,,,,
0.0005000000237487257,23,7211,,,,
0.0005000000237487257,23,7212,,,,
0.0005000000237487257,23,7213,,,,
0.0005000000237487257,23,7214,,,,
0.0005000000237487257,23,7215,,,,
0.0005000000237487257,23,7216,,,,
0.0005000000237487257,23,7217,,,,
0.0005000000237487257,23,7218,,,,
0.0005000000237487257,23,7219,,,,
0.0005000000237487257,23,7220,,,,
0.0005000000237487257,23,7221,,,,
0.0005000000237487257,23,7222,,,,
0.0005000000237487257,23,7223,,,,
0.0005000000237487257,23,7224,,,,
0.0005000000237487257,23,7225,,,,
0.0005000000237487257,23,7226,,,,
0.0005000000237487257,23,7227,,,,
0.0005000000237487257,23,7228,,,,
0.0005000000237487257,23,7229,,,,
0.0005000000237487257,23,7230,,,,
0.0005000000237487257,23,7231,,,,
0.0005000000237487257,23,7232,,,,
0.0005000000237487257,23,7233,,,,
0.0005000000237487257,23,7234,,,,
0.0005000000237487257,23,7235,,,,
0.0005000000237487257,23,7236,,,,
0.0005000000237487257,23,7237,,,,
0.0005000000237487257,23,7238,,,,
0.0005000000237487257,23,7239,,,,
0.0005000000237487257,23,7240,,,,
0.0005000000237487257,23,7241,,,,
0.0005000000237487257,23,7242,,,,
0.0005000000237487257,23,7243,,,,
0.0005000000237487257,23,7244,,,,
0.0005000000237487257,23,7245,,,,
0.0005000000237487257,23,7246,,,,
0.0005000000237487257,23,7247,,,,
,23,7247,0.40042662620544434,0.6035614609718323,,
,23,7247,,,0.41989871859550476,0.22497887909412384
